{
    "editor": {
        "EditorCamera": {
            "eye": {
                "x": -3.9666237831115723,
                "y": 2.3367786407470703,
                "z": -3.6214983463287354
            },
            "look": {
                "x": -3.040607452392578,
                "y": 2.130758285522461,
                "z": -3.305192708969116
            },
            "up": {
                "x": 0.1949600875377655,
                "y": 0.9785475134849548,
                "z": 0.06659550964832306
            }
        }
    },
    "gameObjects": [
        {
            "components": [
                {
                    "data": {
                        "Position": {
                            "x": 0.0,
                            "y": 0.0,
                            "z": 0.0
                        },
                        "Rotation": {
                            "w": 1.0,
                            "x": 0.0,
                            "y": 0.0,
                            "z": 0.0
                        },
                        "Scale": {
                            "x": 1.0,
                            "y": 1.0,
                            "z": 1.0
                        }
                    },
                    "type": "TransformComponent"
                },
                {
                    "data": {
                        "CastShadow": true,
                        "Color": {
                            "x": 1.0,
                            "y": 1.0,
                            "z": 1.0
                        },
                        "Direction": {
                            "x": 0.0,
                            "y": -1.0,
                            "z": 0.0
                        },
                        "Intensity": 1.0,
                        "Position": {
                            "x": 0.0,
                            "y": 0.0,
                            "z": 0.0
                        }
                    },
                    "type": "DirectionalLightComponent"
                }
            ],
            "name": "DirectionalLight"
        },
        {
            "components": [
                {
                    "data": {
                        "Position": {
                            "x": -3.9666237831115723,
                            "y": 2.3367786407470703,
                            "z": -3.6214983463287354
                        },
                        "Rotation": {
                            "w": 0.8090262413024902,
                            "x": 0.08424199372529984,
                            "y": 0.5785762667655945,
                            "z": -0.060244813561439514
                        },
                        "Scale": {
                            "x": 1.0,
                            "y": 1.0,
                            "z": 1.0
                        }
                    },
                    "type": "TransformComponent"
                },
                {
                    "data": {
                        "Eye": {
                            "x": -3.9666237831115723,
                            "y": 2.3367786407470703,
                            "z": -3.6214983463287354
                        },
                        "FarZ": 1000.0,
                        "Look": {
                            "x": -3.040607452392578,
                            "y": 2.130758285522461,
                            "z": -3.305192708969116
                        },
                        "NearZ": 0.10000000149011612,
                        "Ortho": {
                            "height": 10.0,
                            "width": 10.0
                        },
                        "OrthoOffCenter": {
                            "bottom": -1.0,
                            "left": -1.0,
                            "right": 1.0,
                            "top": 1.0
                        },
                        "Perspective": {
                            "aspect": 1.7846534252166748,
                            "fov": 0.7853981852531433
                        },
                        "Up": {
                            "x": 0.1949600875377655,
                            "y": 0.9785475134849548,
                            "z": 0.06659550964832306
                        },
                        "Viewport": {
                            "height": 808.0,
                            "width": 1442.0
                        }
                    },
                    "type": "CameraComponent"
                }
            ],
            "name": "Editor Camera"
        },
        {
            "components": [
                {
                    "data": {
                        "Position": {
                            "x": 0.0,
                            "y": 0.0,
                            "z": 0.0
                        },
                        "Rotation": {
                            "w": 1.0,
                            "x": 0.0,
                            "y": 0.0,
                            "z": 0.0
                        },
                        "Scale": {
                            "x": 1.0,
                            "y": 1.0,
                            "z": 1.0
                        }
                    },
                    "type": "TransformComponent"
                },
                {
                    "data": {
                        "Mesh": {
                            "assetIndex": 0,
                            "assetPath": "../ResourceOutput\\test\\Meta\\test.asset.json"
                        },
                        "MeshHandle": {
                            "assetIndex": 0,
                            "assetPath": "../ResourceOutput\\test\\Meta\\test.asset.json"
                        },
                        "SubMeshMaterialOverrides": []
                    },
                    "type": "MeshComponent"
                },
                {
                    "data": {
                        "CastShadow": true,
                        "Material": {
                            "assetIndex": 0,
                            "assetPath": "../ResourceOutput\\test\\Meta\\test.asset.json"
                        },
                        "Mesh": {
                            "assetIndex": 0,
                            "assetPath": "../ResourceOutput\\test\\Meta\\test.asset.json"
                        },
                        "ReceiveShadow": true,
                        "RenderLayer": 3,
                        "Visible": true
                    },
                    "type": "MeshRenderer"
                },
                {
                    "data": {
                        "Material": {
                            "assetIndex": 0,
                            "assetPath": "../ResourceOutput\\test\\Meta\\test.asset.json"
                        },
                        "MaterialHandle": {
                            "assetIndex": 0,
                            "assetPath": "../ResourceOutput\\test\\Meta\\test.asset.json"
                        },
                        "Overrides": {
                            "overrides": {
                                "baseColor": {
                                    "a": 1.0,
                                    "b": 0.6595970988273621,
                                    "g": 0.6595970988273621,
                                    "r": 0.6595970988273621
                                },
                                "lightness": 1.0,
                                "metallic": 0.0,
                                "pixelShader": {
                                    "assetIndex": 0,
                                    "assetPath": ""
                                },
                                "roughness": 0.5,
                                "saturation": 1.0,