{
    "editor": {
        "EditorCamera": {
            "eye": {
                "x": 0.8145619034767151,
                "y": 2.0050063133239746,
                "z": -2.245706558227539
            },
            "look": {
                "x": 0.8735098242759705,
                "y": 1.4041495323181152,
                "z": -1.4485262632369995
            },
            "up": {
                "x": 0.04430969059467316,
                "y": 0.7993568181991577,
                "z": 0.5992207527160645
            }
        }
    },
    "gameObjects": {
        "opaque": [
            {
                "components": [
                    {
                        "data": {
                            "Position": {
                                "x": 0.8145619034767151,
                                "y": 2.0050063133239746,
                                "z": -2.245706558227539
                            },
                            "Rotation": {
                                "w": 0.9478679299354553,
                                "x": 0.31652024388313293,
                                "y": 0.034997522830963135,
                                "z": -0.01168667059391737
                            },
                            "Scale": {
                                "x": 1.0,
                                "y": 1.0,
                                "z": 1.0
                            }
                        },
                        "type": "TransformComponent"
                    },
                    {
                        "data": {
                            "Eye": {
                                "x": 0.8145619034767151,
                                "y": 2.0050063133239746,
                                "z": -2.245706558227539
                            },
                            "FarZ": 1000.0,
                            "Look": {
                                "x": 0.8735098242759705,
                                "y": 1.4041495323181152,
                                "z": -1.4485262632369995
                            },
                            "NearZ": 0.10000000149011612,
                            "Ortho": {
                                "height": 10.0,
                                "width": 10.0
                            },
                            "OrthoOffCenter": {
                                "bottom": -1.0,
                                "left": -1.0,
                                "right": 1.0,
                                "top": 1.0
                            },
                            "Perspective": {
                                "aspect": 1.7846534252166748,
                                "fov": 0.7853981852531433
                            },
                            "Up": {
                                "x": 0.04430969059467316,
                                "y": 0.7993568181991577,
                                "z": 0.5992207527160645
                            },
                            "Viewport": {
                                "height": 808.0,
                                "width": 1442.0
                            }
                        },
                        "type": "CameraComponent"
                    }
                ],
                "name": "Editor Camera"
            },
            {
                "components": [
                    {
                        "data": {
                            "Position": {
                                "x": 0.0,
                                "y": 4.0,
                                "z": -11.0
                            },
                            "Rotation": {
                                "w": 0.9914448857307434,
                                "x": 0.13052619993686676,
                                "y": 0.0,
                                "z": 0.0
                            },
                            "Scale": {
                                "x": 1.0,
                                "y": 1.0,
                                "z": 1.0
                            }
                        },
                        "type": "TransformComponent"
                    },
                    {
                        "data": {
                            "Eye": {
                                "x": 0.0,
                                "y": 4.0,
                                "z": -11.0
                            },
                            "FarZ": 100.0,
                            "Look": {
                                "x": 0.0,
                                "y": 3.741180896759033,
                                "z": -10.034073829650879
                            },
                            "NearZ": 1.0,
                            "Ortho": {
                                "height": 10.0,
                                "width": 10.0
                            },
                            "OrthoOffCenter": {
                                "bottom": -1.0,
                                "left": -1.0,
                                "right": 1.0,
                                "top": 1.0
                            },
                            "Perspective": {
                                "aspect": 1.7846534252166748,
                                "fov": 0.7853981852531433
                            },
                            "Up": {
                                "x": 0.0,
                                "y": 0.9659257531166077,
                                "z": 0.2588190734386444
                            },
                            "Viewport": {
                                "height": 808.0,
                                "width": 1442.0
                            }
                        },
                        "type": "CameraComponent"
                    }
                ],
                "name": "Main Camera"
            },
            {
                "components": [
                    {
                        "data": {
                            "Position": {
                                "x": 1.0,
                                "y": 0.0,
                                "z": 0.0
                            },
                            "Rotation": {
                                "w": 1.0,
                                "x": -0.0,
                                "y": 0.0,
                                "z": -0.0
                            },
                            "Scale": {
                                "x": 1.0,
                                "y": 1.0,
                                "z": 1.0
                            }
                        },
                        "type": "TransformComponent"
                    },
                    {
                        "data": {
                            "Material": {
                                "assetIndex": 0,
                                "assetPath": "../ResourceOutput\\hiroshi\\Meta\\hiroshi.asset.json"
                            },
                            "MaterialHandle": {
                                "assetIndex": 0,
                                "assetPath": "../ResourceOutput\\hiroshi\\Meta\\hiroshi.asset.json"
                            },
                            "Overrides": {
                                "overrides": {
                                    "baseColor": {
                                        "a": 1.0,
                                        "b": 0.5,
                                        "g": 0.5,
                                        "r": 0.5
                                    },
                                    "metallic": 0.0,
                                    "pixelShader": {
                                        "assetIndex": 0,
                                        "assetPath": ""
                                    },