{
    "editor": {
        "EditorCamera": {
            "eye": {
                "x": -1.210830569267273,
                "y": 12.458131790161133,
                "z": -13.659403800964355
            },
            "look": {
                "x": -1.1931840181350708,
                "y": 11.768080711364746,
                "z": -12.935857772827148
            },
            "up": {
                "x": 0.01682489924132824,
                "y": 0.7237609028816223,
                "z": 0.6898457407951355
            }
        }
    },
    "gameObjects": {
        "opaque": [
            {
                "components": [
                    {
                        "data": {
                            "Position": {
                                "x": -1.210830569267273,
                                "y": 12.458131790161133,
                                "z": -13.659403800964355
                            },
                            "Rotation": {
                                "w": 0.9283061623573303,
                                "x": 0.37161675095558167,
                                "y": 0.011318588629364967,
                                "z": -0.004531125538051128
                            },
                            "Scale": {
                                "x": 1.0,
                                "y": 1.0,
                                "z": 1.0
                            }
                        },
                        "type": "TransformComponent"
                    },
                    {
                        "data": {
                            "Eye": {
                                "x": -1.210830569267273,
                                "y": 12.458131790161133,
                                "z": -13.659403800964355
                            },
                            "FarZ": 1000.0,
                            "Look": {
                                "x": -1.1931840181350708,
                                "y": 11.768080711364746,
                                "z": -12.935857772827148
                            },
                            "NearZ": 0.10000000149011612,
                            "Ortho": {
                                "height": 10.0,
                                "width": 10.0
                            },
                            "OrthoOffCenter": {
                                "bottom": -1.0,
                                "left": -1.0,
                                "right": 1.0,
                                "top": 1.0
                            },
                            "Perspective": {
                                "aspect": 1.7846534252166748,
                                "fov": 0.7853981852531433
                            },
                            "Up": {
                                "x": 0.01682489924132824,
                                "y": 0.7237609028816223,
                                "z": 0.6898457407951355
                            },
                            "Viewport": {
                                "height": 808.0,
                                "width": 1442.0
                            }
                        },
                        "type": "CameraComponent"
                    }
                ],
                "name": "Editor Camera"
            },
            {
                "components": [
                    {
                        "data": {
                            "Position": {
                                "x": 0.0,
                                "y": 0.0,
                                "z": 0.0
                            },
                            "Rotation": {
                                "w": 1.0,
                                "x": 0.0,
                                "y": 0.0,
                                "z": 0.0
                            },
                            "Scale": {
                                "x": 1.0,
                                "y": 1.0,
                                "z": 1.0
                            }
                        },
                        "type": "TransformComponent"
                    },
                    {
                        "data": {
                            "CastShadow": true,
                            "Material": {
                                "assetIndex": 0,
                                "assetPath": "../ResourceOutput\\building\\Meta\\building.asset.json"
                            },
                            "Mesh": {
                                "assetIndex": 0,
                                "assetPath": "../ResourceOutput\\building\\Meta\\building.asset.json"
                            },
                            "ReceiveShadow": true,
                            "RenderLayer": 0,
                            "Visible": true
                        },
                        "type": "MeshRenderer"
                    },
                    {
                        "data": {
                            "Mesh": {
                                "assetIndex": 0,
                                "assetPath": "../ResourceOutput\\building\\Meta\\building.asset.json"
                            },
                            "MeshHandle": {
                                "assetIndex": 0,
                                "assetPath": "../ResourceOutput\\building\\Meta\\building.asset.json"
                            },
                            "SubMeshMaterialOverrides": []
                        },
                        "type": "MeshComponent"
                    },
                    {
                        "data": {
                            "Material": {
                                "assetIndex": 0,
                                "assetPath": "../ResourceOutput\\building\\Meta\\building.asset.json"
                            },
                            "MaterialHandle": {
                                "assetIndex": 0,
                                "assetPath": "../ResourceOutput\\building\\Meta\\building.asset.json"
                            },
                            "Overrides": {
                                "overrides": {
                                    "baseColor": {
                                        "a": 1.0,
                                        "b": 0.4303818345069885,
                                        "g": 0.4303818345069885,
                                        "r": 0.4303818345069885
                                    },
                                    "metallic": 0.0,
                                    "pixelShader": {
                                        "assetIndex": 0,
                                        "assetPath": ""
                                    },
                                    "roughness": 0.6092624068260193,
                                    "shaderAsset": {
                                        "assetIndex": 0,
                                        "assetPath": ""
                                    },
                                    "textures": [
                                        {
                                            "assetIndex": 0,
                                            "assetPath": "../ResourceOutput\\building\\Meta\\building.asset.json"
                                        },
                                        {
                                            "assetIndex": 1,
                                            "assetPath": "../ResourceOutput\\building\\Meta\\building.asset.json"
                                        },
                                        {
                                            "assetIndex": 2,