{
    "editor": {
        "EditorCamera": {
            "eye": {
                "x": -4.186057090759277,
                "y": 2.7937374114990234,
                "z": -6.636576175689697
            },
            "look": {
                "x": -3.6962504386901855,
                "y": 2.638181447982788,
                "z": -5.7787346839904785
            },
            "up": {
                "x": 0.0771312564611435,
                "y": 0.9878271222114563,
                "z": 0.13508668541908264
            }
        }
    },
    "gameObjects": {
        "opaque": [
            {
                "components": [
                    {
                        "data": {
                            "Position": {
                                "x": -4.186057090759277,
                                "y": 2.7937374114990234,
                                "z": -6.636576175689697
                            },
                            "Rotation": {
                                "w": 0.9635975360870361,
                                "x": 0.07540560513734818,
                                "y": 0.25572121143341064,
                                "z": -0.020011277869343758
                            },
                            "Scale": {
                                "x": 1.0,
                                "y": 1.0,
                                "z": 1.0
                            }
                        },
                        "type": "TransformComponent"
                    },
                    {
                        "data": {
                            "Eye": {
                                "x": -4.186057090759277,
                                "y": 2.7937374114990234,
                                "z": -6.636576175689697
                            },
                            "Look": {
                                "x": -3.6962504386901855,
                                "y": 2.638181447982788,
                                "z": -5.7787346839904785
                            },
                            "Ortho": {
                                "height": 10.0,
                                "width": 10.0
                            },
                            "OrthoOffCenter": {
                                "bottom": -1.0,
                                "left": -1.0,
                                "right": 1.0,
                                "top": 1.0
                            },
                            "Perspective": {
                                "aspect": 1.7846534252166748,
                                "fov": 0.7853981852531433
                            },
                            "Up": {
                                "x": 0.0771312564611435,
                                "y": 0.9878271222114563,
                                "z": 0.13508668541908264
                            },
                            "Viewport": {
                                "height": 808.0,
                                "width": 1442.0
                            }
                        },
                        "type": "CameraComponent"
                    }
                ],
                "name": "Editor Camera"
            },
            {
                "components": [
                    {
                        "data": {
                            "Position": {
                                "x": 0.0,
                                "y": 0.0,
                                "z": 0.0
                            },
                            "Rotation": {
                                "w": 1.0,
                                "x": 0.0,
                                "y": 0.0,
                                "z": 0.0
                            },
                            "Scale": {
                                "x": 1.0,
                                "y": 1.0,
                                "z": 1.0
                            }
                        },
                        "type": "TransformComponent"
                    },
                    {
                        "data": {
                            "Mesh": {
                                "assetIndex": 0,
                                "assetPath": "../ResourceOutput\\building\\Meta\\building.asset.json"
                            },
                            "MeshHandle": {
                                "assetIndex": 0,
                                "assetPath": "../ResourceOutput\\building\\Meta\\building.asset.json"
                            }
                        },
                        "type": "MeshComponent"
                    },
                    {
                        "data": {
                            "CastShadow": true,
                            "Material": {
                                "assetIndex": 0,
                                "assetPath": "../ResourceOutput\\building\\Meta\\building.asset.json"
                            },
                            "Mesh": {
                                "assetIndex": 0,
                                "assetPath": "../ResourceOutput\\building\\Meta\\building.asset.json"
                            },
                            "ReceiveShadow": true,
                            "RenderLayer": 0,
                            "Visible": true
                        },
                        "type": "MeshRenderer"
                    },
                    {
                        "data": {
                            "Material": {
                                "assetIndex": 0,
                                "assetPath": "../ResourceOutput\\building\\Meta\\building.asset.json"
                            },
                            "MaterialHandle": {
                                "assetIndex": 0,
                                "assetPath": "../ResourceOutput\\building\\Meta\\building.asset.json"
                            },
                            "Overrides": {
                                "overrides": {
                                    "baseColor": {
                                        "a": 1.0,
                                        "b": 0.4303818345069885,
                                        "g": 0.4303818345069885,
                                        "r": 0.4303818345069885
                                    },
                                    "metallic": 0.0,
                                    "pixelShader": {
                                        "assetIndex": 0,
                                        "assetPath": ""
                                    },
                                    "roughness": 0.6092624068260193,
                                    "shaderAsset": {
                                        "assetIndex": 0,
                                        "assetPath": ""
                                    },
                                    "textures": [
                                        {
                                            "assetIndex": 0,
                                            "assetPath": "../ResourceOutput\\building\\Meta\\building.asset.json"
                                        },
                                        {
                                            "assetIndex": 1,
                                            "assetPath": "../ResourceOutput\\building\\Meta\\building.asset.json"
                                        },
                                        {
                                            "assetIndex": 2,
                                            "assetPath": "../ResourceOutput\\building\\Meta\\building.asset.json"
                                        },
                                        {
                                            "assetIndex": 3,