{
    "editor": {
        "EditorCamera": {
            "eye": {
                "x": -8.582194328308105,
                "y": 9.470569610595703,
                "z": -12.786819458007813
            },
            "look": {
                "x": -8.147798538208008,
                "y": 8.959091186523438,
                "z": -12.045409202575684
            },
            "up": {
                "x": 0.25856727361679077,
                "y": 0.8592960238456726,
                "z": 0.4413087069988251
            }
        }
    },
    "gameObjects": {
        "opaque": [
            {
                "components": [
                    {
                        "data": {
                            "Position": {
                                "x": -8.582194328308105,
                                "y": 9.470569610595703,
                                "z": -12.786819458007813
                            },
                            "Rotation": {
                                "w": 0.9305264353752136,
                                "x": 0.2559807300567627,
                                "y": 0.25252437591552734,
                                "z": -0.06946849077939987
                            },
                            "Scale": {
                                "x": 1.0,
                                "y": 1.0,
                                "z": 1.0
                            }
                        },
                        "type": "TransformComponent"
                    },
                    {
                        "data": {
                            "Eye": {
                                "x": -8.582194328308105,
                                "y": 9.470569610595703,
                                "z": -12.786819458007813
                            },
                            "FarZ": 1000.0,
                            "Look": {
                                "x": -8.147798538208008,
                                "y": 8.959091186523438,
                                "z": -12.045409202575684
                            },
                            "NearZ": 0.10000000149011612,
                            "Ortho": {
                                "height": 10.0,
                                "width": 10.0
                            },
                            "OrthoOffCenter": {
                                "bottom": -1.0,
                                "left": -1.0,
                                "right": 1.0,
                                "top": 1.0
                            },
                            "Perspective": {
                                "aspect": 1.7846534252166748,
                                "fov": 0.7853981852531433
                            },
                            "Up": {
                                "x": 0.25856727361679077,
                                "y": 0.8592960238456726,
                                "z": 0.4413087069988251
                            },
                            "Viewport": {
                                "height": 808.0,
                                "width": 1442.0
                            }
                        },
                        "type": "CameraComponent"
                    }
                ],
                "name": "Editor Camera"
            },
            {
                "components": [
                    {
                        "data": {
                            "Position": {
                                "x": 6.692409038543701,
                                "y": -0.08829188346862793,
                                "z": 4.181729793548584
                            },
                            "Rotation": {
                                "w": 1.0,
                                "x": -0.0,
                                "y": 0.0,
                                "z": -0.0
                            },
                            "Scale": {
                                "x": 1.0,
                                "y": 1.0,
                                "z": 1.0
                            }
                        },
                        "type": "TransformComponent"
                    },
                    {
                        "data": {
                            "CastShadow": true,
                            "Material": {
                                "assetIndex": 0,
                                "assetPath": "../ResourceOutput\\building\\Meta\\building.asset.json"
                            },
                            "Mesh": {
                                "assetIndex": 0,
                                "assetPath": "../ResourceOutput\\building\\Meta\\building.asset.json"
                            },
                            "ReceiveShadow": true,
                            "RenderLayer": 0,
                            "Visible": true
                        },
                        "type": "MeshRenderer"
                    },
                    {
                        "data": {
                            "Mesh": {
                                "assetIndex": 0,
                                "assetPath": "../ResourceOutput\\building\\Meta\\building.asset.json"
                            },
                            "MeshHandle": {
                                "assetIndex": 0,
                                "assetPath": "../ResourceOutput\\building\\Meta\\building.asset.json"
                            },
                            "SubMeshMaterialOverrides": []
                        },
                        "type": "MeshComponent"
                    },
                    {
                        "data": {
                            "Material": {
                                "assetIndex": 0,
                                "assetPath": "../ResourceOutput\\building\\Meta\\building.asset.json"
                            },
                            "MaterialHandle": {
                                "assetIndex": 0,
                                "assetPath": "../ResourceOutput\\building\\Meta\\building.asset.json"
                            },
                            "Overrides": {
                                "overrides": {
                                    "baseColor": {
                                        "a": 1.0,
                                        "b": 0.4303818345069885,
                                        "g": 0.4303818345069885,
                                        "r": 0.4303818345069885
                                    },
                                    "metallic": 0.0,
                                    "pixelShader": {
                                        "assetIndex": 0,
                                        "assetPath": ""
                                    },
                                    "roughness": 0.6092624068260193,
                                    "shaderAsset": {
                                        "assetIndex": 0,
                                        "assetPath": ""
                                    },
                                    "textures": [
                                        {
                                            "assetIndex": 0,
                                            "assetPath": "../ResourceOutput\\building\\Meta\\building.asset.json"
                                        },
                                        {
                                            "assetIndex": 1,
                                            "assetPath": "../ResourceOutput\\building\\Meta\\building.asset.json"
                                        },
                                        {
                                            "assetIndex": 2,