{
    "editor": {
        "EditorCamera": {
            "eye": {
                "x": -3.913851022720337,
                "y": 2.552199602127075,
                "z": -6.96997594833374
            },
            "look": {
                "x": -3.3570122718811035,
                "y": 2.4296438694000244,
                "z": -6.148446559906006
            },
            "up": {
                "x": 0.06876213848590851,
                "y": 0.9924615025520325,
                "z": 0.10144790261983871
            }
        }
    },
    "gameObjects": {
        "opaque": [
            {
                "components": [
                    {
                        "data": {
                            "Position": {
                                "x": -3.913851022720337,
                                "y": 2.552199602127075,
                                "z": -6.96997594833374
                            },
                            "Rotation": {
                                "w": 0.9541699290275574,
                                "x": 0.058690719306468964,
                                "y": 0.2929004430770874,
                                "z": -0.01801621913909912
                            },
                            "Scale": {
                                "x": 1.0,
                                "y": 1.0,
                                "z": 1.0
                            }
                        },
                        "type": "TransformComponent"
                    },
                    {
                        "data": {
                            "Eye": {
                                "x": -3.913851022720337,
                                "y": 2.552199602127075,
                                "z": -6.96997594833374
                            },
                            "Look": {
                                "x": -3.3570122718811035,
                                "y": 2.4296438694000244,
                                "z": -6.148446559906006
                            },
                            "Ortho": {
                                "height": 10.0,
                                "width": 10.0
                            },
                            "OrthoOffCenter": {
                                "bottom": -1.0,
                                "left": -1.0,
                                "right": 1.0,
                                "top": 1.0
                            },
                            "Perspective": {
                                "aspect": 1.7846534252166748,
                                "fov": 0.7853981852531433
                            },
                            "Up": {
                                "x": 0.06876213848590851,
                                "y": 0.9924615025520325,
                                "z": 0.10144790261983871
                            },
                            "Viewport": {
                                "height": 808.0,
                                "width": 1442.0
                            }
                        },
                        "type": "CameraComponent"
                    }
                ],
                "name": "Editor Camera"
            },
            {
                "components": [
                    {
                        "data": {
                            "Position": {
                                "x": 0.0,
                                "y": 0.0,
                                "z": 0.0
                            },
                            "Rotation": {
                                "w": 1.0,
                                "x": 0.0,
                                "y": 0.0,
                                "z": 0.0
                            },
                            "Scale": {
                                "x": 1.0,
                                "y": 1.0,
                                "z": 1.0
                            }
                        },
                        "type": "TransformComponent"
                    },
                    {
                        "data": {
                            "Eye": {
                                "x": 0.0,
                                "y": 0.0,
                                "z": 0.0
                            },
                            "Look": {
                                "x": 0.0,
                                "y": 0.0,
                                "z": 1.0
                            },
                            "Ortho": {
                                "height": 10.0,
                                "width": 10.0
                            },
                            "OrthoOffCenter": {
                                "bottom": -1.0,
                                "left": -1.0,
                                "right": 1.0,
                                "top": 1.0
                            },
                            "Perspective": {
                                "aspect": 1.7846534252166748,
                                "fov": 0.7853981852531433
                            },
                            "Up": {
                                "x": 0.0,
                                "y": 1.0,
                                "z": 0.0
                            },
                            "Viewport": {
                                "height": 808.0,
                                "width": 1442.0
                            }
                        },
                        "type": "CameraComponent"
                    }
                ],
                "name": "Main Camera"
            }
        ],
        "transparent": [
            {
                "components": [
                    {
                        "data": {
                            "Position": {
                                "x": 0.0,
                                "y": 0.0,
                                "z": 0.0
                            },
                            "Rotation": {
                                "w": 1.0,
                                "x": 0.0,
                                "y": 0.0,
                                "z": 0.0
                            },
                            "Scale": {
                                "x": 1.0,
                                "y": 1.0,
                                "z": 1.0
                            }
                        },
                        "type": "TransformComponent"
                    },
                    {
                        "data": {
                            "CastShadow": true,
                            "Color": {
                                "x": 1.0,
                                "y": 1.0,
                                "z": 1.0
                            },
                            "Direction": {
                                "x": 0.0,
                                "y": -1.0,
                                "z": 0.0
                            },
                            "Intensity": 1.0,
                            "Position": {
                                "x": 0.0,
                                "y": 0.0,
                                "z": 0.0
                            },
                            "Range": 0.0,
                            "SpotAngle": 0.0
                        },
                        "type": "LightComponent"
                    }
                ],
                "name": "DirectionalLight"
            }
        ]
    }
}