{
    "editor": {
        "EditorCamera": {
            "eye": {
                "x": 0.2031470239162445,
                "y": 2.825599431991577,
                "z": -5.080501079559326
            },
            "look": {
                "x": 0.2678360342979431,
                "y": 2.613685369491577,
                "z": -4.105356216430664
            },
            "up": {
                "x": 0.014027010649442673,
                "y": 0.9772883057594299,
                "z": 0.21144936978816986
            }
        }
    },
    "gameObjects": [
        {
            "components": [
                {
                    "data": {
                        "Position": {
                            "x": 0.0,
                            "y": 0.0,
                            "z": 0.0
                        },
                        "Rotation": {
                            "w": 1.0,
                            "x": 0.0,
                            "y": 0.0,
                            "z": 0.0
                        },
                        "Scale": {
                            "x": 1.0,
                            "y": 1.0,
                            "z": 1.0
                        }
                    },
                    "type": "TransformComponent"
                },
                {
                    "data": {
                        "CastShadow": true,
                        "Color": {
                            "x": 1.0,
                            "y": 1.0,
                            "z": 1.0
                        },
                        "Direction": {
                            "x": 0.0,
                            "y": -1.0,
                            "z": 0.0
                        },
                        "Intensity": 1.0,
                        "Position": {
                            "x": 0.0,
                            "y": 0.0,
                            "z": 0.0
                        }
                    },
                    "type": "DirectionalLightComponent"
                }
            ],
            "name": "DirectionalLight"
        },
        {
            "components": [
                {
                    "data": {
                        "Position": {
                            "x": 0.2031470239162445,
                            "y": 2.825599431991577,
                            "z": -5.080501079559326
                        },
                        "Rotation": {
                            "w": 0.9937605857849121,
                            "x": 0.1065053939819336,
                            "y": 0.03292577713727951,
                            "z": -0.00352874887175858
                        },
                        "Scale": {
                            "x": 1.0,
                            "y": 1.0,
                            "z": 1.0
                        }
                    },
                    "type": "TransformComponent"
                },
                {
                    "data": {
                        "Eye": {
                            "x": 0.2031470239162445,
                            "y": 2.825599431991577,
                            "z": -5.080501079559326
                        },
                        "FarZ": 1000.0,
                        "Look": {
                            "x": 0.2678360342979431,
                            "y": 2.613685369491577,
                            "z": -4.105356216430664
                        },
                        "NearZ": 0.10000000149011612,
                        "Ortho": {
                            "height": 10.0,
                            "width": 10.0
                        },
                        "OrthoOffCenter": {
                            "bottom": -1.0,
                            "left": -1.0,
                            "right": 1.0,
                            "top": 1.0
                        },
                        "Perspective": {
                            "aspect": 1.7846534252166748,
                            "fov": 0.7853981852531433
                        },
                        "Up": {
                            "x": 0.014027010649442673,
                            "y": 0.9772883057594299,
                            "z": 0.21144936978816986
                        },
                        "Viewport": {
                            "height": 808.0,
                            "width": 1442.0
                        }
                    },
                    "type": "CameraComponent"
                }
            ],
            "name": "Editor Camera"
        },
        {
            "components": [
                {
                    "data": {
                        "Position": {
                            "x": 0.0,
                            "y": 0.0,
                            "z": 0.0
                        },
                        "Rotation": {
                            "w": 1.0,
                            "x": 0.0,
                            "y": 0.0,
                            "z": 0.0
                        },
                        "Scale": {
                            "x": 1.0,
                            "y": 1.0,
                            "z": 1.0
                        }
                    },
                    "type": "TransformComponent"
                },
                {
                    "data": {
                        "BlendConfig": {
                            "blendTime": 0.20000000298023224,
                            "blendType": 0,
                            "curveName": "Linear",
                            "fromClip": {
                                "assetIndex": 0,
                                "assetPath": ""
                            },
                            "toClip": {
                                "assetIndex": 0,
                                "assetPath": ""
                            }
                        },
                        "ClipHandle": {
                            "assetIndex": 0,
                            "assetPath": "../ResourceOutput\\Capoeira\\Meta\\Capoeira.asset.json"
                        }
                    },
                    "type": "AnimationComponent"
                },
                {
                    "data": {
                        "CastShadow": true,
                        "Material": {
                            "assetIndex": 1,
                            "assetPath": "../ResourceOutput\\Capoeira\\Meta\\Capoeira.asset.json"
                        },
                        "Mesh": {
                            "assetIndex": 0,
                            "assetPath": "../ResourceOutput\\Capoeira\\Meta\\Capoeira.asset.json"
                        },
                        "ReceiveShadow": true,
                        "RenderLayer": 1,
                        "Skeleton": {
                            "assetIndex": 0,
                            "assetPath": "../ResourceOutput\\Capoeira\\Meta\\Capoeira.asset.json"
                        },
                        "Visible": true
                    },
                    "type": "SkeletalMeshRenderer"
                },
                {
                    "data": {
                        "Mesh": {
                            "assetIndex": 0,
                            "assetPath": "../ResourceOutput\\Capoeira\\Meta\\Capoeira.asset.json"
                        },
                        "MeshHandle": {
                            "assetIndex": 0,
                            "assetPath": "../ResourceOutput\\Capoeira\\Meta\\Capoeira.asset.json"
                        },
                        "Skeleton": {
                            "assetIndex": 0,
                            "assetPath": "../ResourceOutput\\Capoeira\\Meta\\Capoeira.asset.json"
                        },
                        "SkeletonHandle": {
                            "assetIndex": 0,