{
    "editor": {
        "EditorCamera": {
            "eye": {
                "x": -2.177690267562866,
                "y": 5.780914306640625,
                "z": -13.75943660736084
            },
            "look": {
                "x": -2.270761251449585,
                "y": 5.280727863311768,
                "z": -12.898534774780273
            },
            "up": {
                "x": -0.0537613146007061,
                "y": 0.8659178614616394,
                "z": 0.49728864431381226
            }
        }
    },
    "gameObjects": [
        {
            "components": [
                {
                    "data": {
                        "Position": {
                            "x": 0.0,
                            "y": 0.0,
                            "z": 0.0
                        },
                        "Rotation": {
                            "w": 1.0,
                            "x": 0.0,
                            "y": 0.0,
                            "z": 0.0
                        },
                        "Scale": {
                            "x": 1.0,
                            "y": 1.0,
                            "z": 1.0
                        }
                    },
                    "type": "TransformComponent"
                },
                {
                    "data": {
                        "CastShadow": true,
                        "Color": {
                            "x": 1.0,
                            "y": 1.0,
                            "z": 1.0
                        },
                        "Direction": {
                            "x": 0.0,
                            "y": -1.0,
                            "z": 0.0
                        },
                        "Intensity": 1.0,
                        "Position": {
                            "x": 0.0,
                            "y": 0.0,
                            "z": 0.0
                        }
                    },
                    "type": "DirectionalLightComponent"
                }
            ],
            "name": "DirectionalLight"
        },
        {
            "components": [
                {
                    "data": {
                        "Position": {
                            "x": -2.177690267562866,
                            "y": 5.780914306640625,
                            "z": -13.75943660736084
                        },
                        "Rotation": {
                            "w": 0.9644981026649475,
                            "x": 0.25854766368865967,
                            "y": -0.05198388546705246,
                            "z": 0.013935066759586334
                        },
                        "Scale": {
                            "x": 1.0,
                            "y": 1.0,
                            "z": 1.0
                        }
                    },
                    "type": "TransformComponent"
                },
                {
                    "data": {
                        "Eye": {
                            "x": -2.177690267562866,
                            "y": 5.780914306640625,
                            "z": -13.75943660736084
                        },
                        "FarZ": 1000.0,
                        "Look": {
                            "x": -2.270761251449585,
                            "y": 5.280727863311768,
                            "z": -12.898534774780273
                        },
                        "NearZ": 0.10000000149011612,
                        "Ortho": {
                            "height": 10.0,
                            "width": 10.0
                        },
                        "OrthoOffCenter": {
                            "bottom": -1.0,
                            "left": -1.0,
                            "right": 1.0,
                            "top": 1.0
                        },
                        "Perspective": {
                            "aspect": 1.818411111831665,
                            "fov": 0.7853981852531433
                        },
                        "Up": {
                            "x": -0.0537613146007061,
                            "y": 0.8659178614616394,
                            "z": 0.49728864431381226
                        },
                        "Viewport": {
                            "height": 793.0,
                            "width": 1442.0
                        }
                    },
                    "type": "CameraComponent"
                }
            ],
            "name": "Editor Camera"
        },
        {
            "components": [
                {
                    "data": {
                        "Position": {
                            "x": -0.43150195479393005,
                            "y": -4.76837158203125e-07,
                            "z": -4.376351356506348
                        },
                        "Rotation": {
                            "w": 1.0,
                            "x": -0.0,
                            "y": 0.0,
                            "z": -0.0
                        },
                        "Scale": {
                            "x": 1.0,
                            "y": 1.0,
                            "z": 1.0
                        }
                    },
                    "type": "TransformComponent"
                },
                {
                    "data": {
                        "CastShadow": true,
                        "Material": {
                            "assetIndex": 0,
                            "assetPath": "../ResourceOutput\\Dying\\Meta\\Dying.asset.json"
                        },
                        "Mesh": {
                            "assetIndex": 0,
                            "assetPath": "../ResourceOutput\\Dying\\Meta\\Dying.asset.json"
                        },
                        "ReceiveShadow": true,
                        "RenderLayer": 1,
                        "Skeleton": {
                            "assetIndex": 0,
                            "assetPath": "../ResourceOutput\\Dying\\Meta\\Dying.asset.json"
                        },
                        "Visible": true
                    },
                    "type": "SkeletalMeshRenderer"
                },
                {
                    "data": {
                        "BlendConfig": {
                            "blendTime": 0.20000000298023224,
                            "blendType": 0,
                            "curveName": "Linear",
                            "fromClip": {
                                "assetIndex": 0,
                                "assetPath": ""
                            },
                            "toClip": {
                                "assetIndex": 0,
                                "assetPath": ""
                            }
                        },
                        "ClipHandle": {
                            "assetIndex": 0,
                            "assetPath": "../ResourceOutput\\Dying\\Meta\\Dying.asset.json"
                        }
                    },
                    "type": "AnimationComponent"
                },
                {
                    "data": {
                        "DragSpeed": 0.009999999776482582,
                        "Speed": 5.0
                    },
                    "type": "PlayerMovementComponent"
                },
                {
                    "data": {
                        "Material": {
                            "assetIndex": 0,
                            "assetPath": "../ResourceOutput\\Dying\\Meta\\Dying.asset.json"
                        },
                        "MaterialHandle": {
                            "assetIndex": 0,
                            "assetPath": "../ResourceOutput\\Dying\\Meta\\Dying.asset.json"
                        },