{
    "editor": {
        "EditorCamera": {
            "eye": {
                "x": -3.200324535369873,
                "y": 5.9708571434021,
                "z": -16.299121856689453
            },
            "look": {
                "x": -3.411569595336914,
                "y": 5.510052680969238,
                "z": -15.437127113342285
            },
            "up": {
                "x": -0.10968108475208282,
                "y": 0.8875017762184143,
                "z": 0.44756099581718445
            }
        }
    },
    "gameObjects": [
        {
            "components": [
                {
                    "data": {
                        "Position": {
                            "x": 0.0,
                            "y": 0.0,
                            "z": 0.0
                        },
                        "Rotation": {
                            "w": 1.0,
                            "x": 0.0,
                            "y": 0.0,
                            "z": 0.0
                        },
                        "Scale": {
                            "x": 1.0,
                            "y": 1.0,
                            "z": 1.0
                        }
                    },
                    "type": "TransformComponent"
                },
                {
                    "data": {
                        "CastShadow": true,
                        "Color": {
                            "x": 1.0,
                            "y": 1.0,
                            "z": 1.0
                        },
                        "Direction": {
                            "x": -1.2799999713897705,
                            "y": -1.0,
                            "z": 1.0
                        },
                        "Intensity": 3.6500000953674316,
                        "Position": {
                            "x": 0.0,
                            "y": 0.0,
                            "z": 0.0
                        }
                    },
                    "type": "DirectionalLightComponent"
                }
            ],
            "name": "DirectionalLight"
        },
        {
            "components": [
                {
                    "data": {
                        "Position": {
                            "x": -3.200324535369873,
                            "y": 5.9708571434021,
                            "z": -16.299121856689453
                        },
                        "Rotation": {
                            "w": 0.9644631147384644,
                            "x": 0.2354588359594345,
                            "y": -0.11645518988370895,
                            "z": 0.02843046374619007
                        },
                        "Scale": {
                            "x": 1.0,
                            "y": 1.0,
                            "z": 1.0
                        }
                    },
                    "type": "TransformComponent"
                },
                {
                    "data": {
                        "Eye": {
                            "x": -3.200324535369873,
                            "y": 5.9708571434021,
                            "z": -16.299121856689453
                        },
                        "FarZ": 1000.0,
                        "Look": {
                            "x": -3.411569595336914,
                            "y": 5.510052680969238,
                            "z": -15.437127113342285
                        },
                        "NearZ": 0.10000000149011612,
                        "Ortho": {
                            "height": 10.0,
                            "width": 10.0
                        },
                        "OrthoOffCenter": {
                            "bottom": -1.0,
                            "left": -1.0,
                            "right": 1.0,
                            "top": 1.0
                        },
                        "Perspective": {
                            "aspect": 1.818411111831665,
                            "fov": 0.7853981852531433
                        },
                        "Up": {
                            "x": -0.10968108475208282,
                            "y": 0.8875017762184143,
                            "z": 0.44756099581718445
                        },
                        "Viewport": {
                            "height": 793.0,
                            "width": 1442.0
                        }
                    },
                    "type": "CameraComponent"
                }
            ],
            "name": "Editor Camera"
        },
        {
            "components": [
                {
                    "data": {
                        "Position": {
                            "x": -8.432000160217285,
                            "y": 0.07000000029802322,
                            "z": -7.763860702514648
                        },
                        "Rotation": {
                            "w": 0.8300122618675232,
                            "x": 0.0,
                            "y": -0.557745099067688,
                            "z": 0.0
                        },
                        "Scale": {
                            "x": 1.0,
                            "y": 1.0,
                            "z": 1.0
                        }
                    },
                    "type": "TransformComponent"
                },
                {
                    "data": {
                        "CastShadow": true,
                        "Material": {
                            "assetIndex": 0,
                            "assetPath": "../ResourceOutput\\corridorWall\\Meta\\corridorWall.asset.json"
                        },
                        "Mesh": {
                            "assetIndex": 0,
                            "assetPath": "../ResourceOutput\\corridorWall\\Meta\\corridorWall.asset.json"
                        },
                        "ReceiveShadow": true,
                        "RenderLayer": 2,
                        "Visible": true
                    },
                    "type": "MeshRenderer"
                },
                {
                    "data": {
                        "Mesh": {
                            "assetIndex": 0,
                            "assetPath": "../ResourceOutput\\corridorWall\\Meta\\corridorWall.asset.json"
                        },
                        "MeshHandle": {
                            "assetIndex": 0,
                            "assetPath": "../ResourceOutput\\corridorWall\\Meta\\corridorWall.asset.json"
                        },
                        "SubMeshMaterialOverrides": []
                    },
                    "type": "MeshComponent"
                },
                {
                    "data": {
                        "Material": {
                            "assetIndex": 0,
                            "assetPath": "../ResourceOutput\\corridorWall\\Meta\\corridorWall.asset.json"
                        },
                        "MaterialHandle": {
                            "assetIndex": 0,
                            "assetPath": "../ResourceOutput\\corridorWall\\Meta\\corridorWall.asset.json"
                        },
                        "Overrides": {
                            "overrides": {
                                "baseColor": {
                                    "a": 1.0,
                                    "b": 0.800000011920929,
                                    "g": 0.800000011920929,
                                    "r": 0.800000011920929
                                },
                                "lightness": 1.0,
                                "metallic": 0.0,
                                "pixelShader": {
                                    "assetIndex": 0,