{
    "editor": {
        "EditorCamera": {
            "eye": {
                "x": 0.5755810737609863,
                "y": 6.2493062019348145,
                "z": -14.52237319946289
            },
            "look": {
                "x": 0.2609042227268219,
                "y": 5.8535685539245605,
                "z": -13.6596040725708
            },
            "up": {
                "x": -0.13559958338737488,
                "y": 0.918363630771637,
                "z": 0.3717808723449707
            }
        }
    },
    "gameObjects": [
        {
            "components": [
                {
                    "data": {
                        "Position": {
                            "x": 0.0,
                            "y": 0.0,
                            "z": 0.0
                        },
                        "Rotation": {
                            "w": 1.0,
                            "x": 0.0,
                            "y": 0.0,
                            "z": 0.0
                        },
                        "Scale": {
                            "x": 1.0,
                            "y": 1.0,
                            "z": 1.0
                        }
                    },
                    "type": "TransformComponent"
                },
                {
                    "data": {
                        "CastShadow": true,
                        "Color": {
                            "x": 1.0,
                            "y": 1.0,
                            "z": 1.0
                        },
                        "Direction": {
                            "x": -1.2799999713897705,
                            "y": -1.0,
                            "z": 1.0
                        },
                        "Intensity": 3.6500000953674316,
                        "Position": {
                            "x": 0.0,
                            "y": 0.0,
                            "z": 0.0
                        }
                    },
                    "type": "DirectionalLightComponent"
                }
            ],
            "name": "DirectionalLight"
        },
        {
            "components": [
                {
                    "data": {
                        "Position": {
                            "x": 0.5755810737609863,
                            "y": 6.2493062019348145,
                            "z": -14.52237319946289
                        },
                        "Rotation": {
                            "w": 0.9644423723220825,
                            "x": 0.19895395636558533,
                            "y": -0.1703902781009674,
                            "z": 0.03514981269836426
                        },
                        "Scale": {
                            "x": 1.0,
                            "y": 1.0,
                            "z": 1.0
                        }
                    },
                    "type": "TransformComponent"
                },
                {
                    "data": {
                        "Eye": {
                            "x": 0.5755810737609863,
                            "y": 6.2493062019348145,
                            "z": -14.52237319946289
                        },
                        "FarZ": 1000.0,
                        "Look": {
                            "x": 0.2609042227268219,
                            "y": 5.8535685539245605,
                            "z": -13.6596040725708
                        },
                        "NearZ": 0.10000000149011612,
                        "Ortho": {
                            "height": 10.0,
                            "width": 10.0
                        },
                        "OrthoOffCenter": {
                            "bottom": -1.0,
                            "left": -1.0,
                            "right": 1.0,
                            "top": 1.0
                        },
                        "Perspective": {
                            "aspect": 1.818411111831665,
                            "fov": 0.7853981852531433
                        },
                        "Up": {
                            "x": -0.13559958338737488,
                            "y": 0.918363630771637,
                            "z": 0.3717808723449707
                        },
                        "Viewport": {
                            "height": 793.0,
                            "width": 1442.0
                        }
                    },
                    "type": "CameraComponent"
                }
            ],
            "name": "Editor Camera"
        },
        {
            "components": [
                {
                    "data": {
                        "Position": {
                            "x": -8.741972923278809,
                            "y": 0.0,
                            "z": -7.763860702514648
                        },
                        "Rotation": {
                            "w": 1.0,
                            "x": -0.0,
                            "y": 0.0,
                            "z": -0.0
                        },
                        "Scale": {
                            "x": 1.0,
                            "y": 1.0,
                            "z": 1.0
                        }
                    },
                    "type": "TransformComponent"
                },
                {
                    "data": {
                        "CastShadow": true,
                        "Material": {
                            "assetIndex": 0,
                            "assetPath": "../ResourceOutput\\corridorWall\\Meta\\corridorWall.asset.json"
                        },
                        "Mesh": {
                            "assetIndex": 0,
                            "assetPath": "../ResourceOutput\\corridorWall\\Meta\\corridorWall.asset.json"
                        },
                        "ReceiveShadow": true,
                        "RenderLayer": 2,
                        "Visible": true
                    },
                    "type": "MeshRenderer"
                },
                {
                    "data": {
                        "Mesh": {
                            "assetIndex": 0,
                            "assetPath": "../ResourceOutput\\corridorWall\\Meta\\corridorWall.asset.json"
                        },
                        "MeshHandle": {
                            "assetIndex": 0,
                            "assetPath": "../ResourceOutput\\corridorWall\\Meta\\corridorWall.asset.json"
                        },
                        "SubMeshMaterialOverrides": []
                    },
                    "type": "MeshComponent"
                },
                {
                    "data": {
                        "Material": {
                            "assetIndex": 0,
                            "assetPath": "../ResourceOutput\\corridorWall\\Meta\\corridorWall.asset.json"
                        },
                        "MaterialHandle": {
                            "assetIndex": 0,
                            "assetPath": "../ResourceOutput\\corridorWall\\Meta\\corridorWall.asset.json"
                        },
                        "Overrides": {
                            "overrides": {
                                "baseColor": {
                                    "a": 1.0,
                                    "b": 0.800000011920929,
                                    "g": 0.800000011920929,
                                    "r": 0.800000011920929
                                },
                                "lightness": 1.0,
                                "metallic": 0.0,
                                "pixelShader": {
                                    "assetIndex": 0,
                                    "assetPath": ""
                                },