{
    "editor": {
        "EditorCamera": {
            "eye": {
                "x": -4.198269844055176,
                "y": 2.456786632537842,
                "z": -8.94829273223877
            },
            "look": {
                "x": -4.839839935302734,
                "y": 1.9823064804077148,
                "z": -8.345584869384766
            },
            "up": {
                "x": -0.3458183705806732,
                "y": 0.8802662491798401,
                "z": 0.3248707950115204
            }
        }
    },
    "gameObjects": [
        {
            "components": [
                {
                    "data": {
                        "Position": {
                            "x": 0.0,
                            "y": 0.0,
                            "z": 0.0
                        },
                        "Rotation": {
                            "w": 1.0,
                            "x": 0.0,
                            "y": 0.0,
                            "z": 0.0
                        },
                        "Scale": {
                            "x": 1.0,
                            "y": 1.0,
                            "z": 1.0
                        }
                    },
                    "type": "TransformComponent"
                },
                {
                    "data": {
                        "CastShadow": true,
                        "Color": {
                            "x": 1.0,
                            "y": 1.0,
                            "z": 1.0
                        },
                        "Direction": {
                            "x": -1.2799999713897705,
                            "y": -1.0,
                            "z": 1.0
                        },
                        "Intensity": 3.6500000953674316,
                        "Position": {
                            "x": 0.0,
                            "y": 0.0,
                            "z": 0.0
                        }
                    },
                    "type": "DirectionalLightComponent"
                }
            ],
            "name": "DirectionalLight"
        },
        {
            "components": [
                {
                    "data": {
                        "Position": {
                            "x": -4.198269844055176,
                            "y": 2.456786632537842,
                            "z": -8.94829273223877
                        },
                        "Rotation": {
                            "w": 0.8898963928222656,
                            "x": 0.22456291317939758,
                            "y": -0.3849904537200928,
                            "z": 0.09715130180120468
                        },
                        "Scale": {
                            "x": 1.0,
                            "y": 1.0,
                            "z": 1.0
                        }
                    },
                    "type": "TransformComponent"
                },
                {
                    "data": {
                        "Eye": {
                            "x": -4.198269844055176,
                            "y": 2.456786632537842,
                            "z": -8.94829273223877
                        },
                        "FarZ": 1000.0,
                        "Look": {
                            "x": -4.839839935302734,
                            "y": 1.9823064804077148,
                            "z": -8.345584869384766
                        },
                        "NearZ": 0.10000000149011612,
                        "Ortho": {
                            "height": 10.0,
                            "width": 10.0
                        },
                        "OrthoOffCenter": {
                            "bottom": -1.0,
                            "left": -1.0,
                            "right": 1.0,
                            "top": 1.0
                        },
                        "Perspective": {
                            "aspect": 1.818411111831665,
                            "fov": 0.7853981852531433
                        },
                        "Up": {
                            "x": -0.3458183705806732,
                            "y": 0.8802662491798401,
                            "z": 0.3248707950115204
                        },
                        "Viewport": {
                            "height": 793.0,
                            "width": 1442.0
                        }
                    },
                    "type": "CameraComponent"
                }
            ],
            "name": "Editor Camera"
        },
        {
            "components": [
                {
                    "data": {
                        "Position": {
                            "x": -4.463308334350586,
                            "y": 2.46728253364563,
                            "z": -11.015339851379395
                        },
                        "Rotation": {
                            "w": 0.9918944239616394,
                            "x": -0.0,
                            "y": -0.12706482410430908,
                            "z": -0.0
                        },
                        "Scale": {
                            "x": 0.9999998211860657,
                            "y": 0.9999997615814209,
                            "z": 0.9999992251396179
                        }
                    },
                    "type": "TransformComponent"
                },
                {
                    "data": {
                        "Eye": {
                            "x": -4.463308334350586,
                            "y": 2.46728253364563,
                            "z": -11.015339851379395
                        },
                        "FarZ": 100.0,
                        "Look": {
                            "x": -4.715378284454346,
                            "y": 2.46728253364563,
                            "z": -10.047630310058594
                        },
                        "NearZ": 1.0,
                        "Ortho": {
                            "height": 10.0,
                            "width": 10.0
                        },
                        "OrthoOffCenter": {
                            "bottom": -1.0,
                            "left": -1.0,
                            "right": 1.0,
                            "top": 1.0
                        },
                        "Perspective": {
                            "aspect": 1.7846534252166748,
                            "fov": 0.7853981852531433
                        },
                        "Up": {
                            "x": 0.0,
                            "y": 1.0,
                            "z": 0.0
                        },
                        "Viewport": {
                            "height": 808.0,
                            "width": 1442.0
                        }
                    },
                    "type": "CameraComponent"
                }
            ],
            "name": "Main Camera"
        },
        {
            "components": [
                {
                    "data": {
                        "Position": {
                            "x": -5.2319016456604,
                            "y": -2.384185791015625e-07,
                            "z": -6.787712574005127
                        },
                        "Rotation": {
                            "w": 0.9921942949295044,
                            "x": -0.0,
                            "y": -0.12470173835754395,
                            "z": -0.0
                        },
                        "Scale": {
                            "x": 0.9999959468841553,
                            "y": 1.0,
                            "z": 0.9999959468841553
                        }
                    },