{
    "editor": {
        "EditorCamera": {
            "eye": {
                "x": 0.42604750394821167,
                "y": 15.780424118041992,
                "z": -20.349992752075195
            },
            "look": {
                "x": 0.4866408407688141,
                "y": 15.12607192993164,
                "z": -19.596235275268555
            },
            "up": {
                "x": 0.052432961761951447,
                "y": 0.7561894655227661,
                "z": 0.6522485613822937
            }
        }
    },
    "gameObjects": [
        {
            "components": [
                {
                    "data": {
                        "Position": {
                            "x": 2.1723523139953613,
                            "y": 1.563052773475647,
                            "z": 4.796018123626709
                        },
                        "Rotation": {
                            "w": 1.0,
                            "x": -0.0,
                            "y": 0.0,
                            "z": -0.0
                        },
                        "Scale": {
                            "x": 1.0,
                            "y": 1.0,
                            "z": 1.0
                        }
                    },
                    "type": "TransformComponent"
                },
                {
                    "data": {
                        "Material": {
                            "assetIndex": 0,
                            "assetPath": "../ResourceOutput\\hiroshi\\Meta\\hiroshi.asset.json"
                        },
                        "MaterialHandle": {
                            "assetIndex": 0,
                            "assetPath": "../ResourceOutput\\hiroshi\\Meta\\hiroshi.asset.json"
                        },
                        "Overrides": {
                            "overrides": {
                                "baseColor": {
                                    "a": 1.0,
                                    "b": 0.5,
                                    "g": 0.5,
                                    "r": 0.5
                                },
                                "metallic": 0.0,
                                "pixelShader": {
                                    "assetIndex": 0,
                                    "assetPath": ""
                                },
                                "roughness": 1.0,
                                "shaderAsset": {
                                    "assetIndex": 0,
                                    "assetPath": ""
                                },
                                "textures": [
                                    {
                                        "assetIndex": 0,
                                        "assetPath": "../ResourceOutput\\hiroshi\\Meta\\hiroshi.asset.json"
                                    },
                                    {
                                        "assetIndex": 1,
                                        "assetPath": "../ResourceOutput\\hiroshi\\Meta\\hiroshi.asset.json"
                                    },
                                    {
                                        "assetIndex": 2,
                                        "assetPath": "../ResourceOutput\\hiroshi\\Meta\\hiroshi.asset.json"
                                    },
                                    {
                                        "assetIndex": 3,
                                        "assetPath": "../ResourceOutput\\hiroshi\\Meta\\hiroshi.asset.json"
                                    },
                                    {
                                        "assetIndex": 4,
                                        "assetPath": "../ResourceOutput\\hiroshi\\Meta\\hiroshi.asset.json"
                                    },
                                    {
                                        "assetIndex": 0,
                                        "assetPath": ""
                                    }
                                ],
                                "vertexShader": {
                                    "assetIndex": 0,
                                    "assetPath": ""
                                }
                            }
                        }
                    },
                    "type": "MaterialComponent"
                },
                {
                    "data": {
                        "Mesh": {
                            "assetIndex": 0,
                            "assetPath": "../ResourceOutput\\Box\\Meta\\Box.asset.json"
                        },
                        "MeshHandle": {
                            "assetIndex": 0,
                            "assetPath": "../ResourceOutput\\Box\\Meta\\Box.asset.json"
                        },
                        "SubMeshMaterialOverrides": []
                    },
                    "type": "MeshComponent"
                },
                {
                    "data": {
                        "CastShadow": true,
                        "Material": {
                            "assetIndex": 0,
                            "assetPath": "../ResourceOutput\\hiroshi\\Meta\\hiroshi.asset.json"
                        },
                        "Mesh": {
                            "assetIndex": 0,
                            "assetPath": "../ResourceOutput\\Box\\Meta\\Box.asset.json"
                        },
                        "ReceiveShadow": true,
                        "RenderLayer": 2,
                        "Visible": true
                    },
                    "type": "MeshRenderer"
                }
            ],
            "name": "Box1"
        },
        {
            "components": [
                {
                    "data": {
                        "Position": {
                            "x": 0.0,
                            "y": 0.0,
                            "z": 0.0
                        },
                        "Rotation": {
                            "w": 1.0,
                            "x": 0.0,
                            "y": 0.0,
                            "z": 0.0
                        },
                        "Scale": {
                            "x": 1.0,
                            "y": 1.0,
                            "z": 1.0
                        }
                    },
                    "type": "TransformComponent"
                },
                {
                    "data": {
                        "CastShadow": true,
                        "Color": {
                            "x": 1.0,
                            "y": 1.0,
                            "z": 1.0
                        },
                        "Direction": {
                            "x": 0.0,
                            "y": -1.0,
                            "z": 0.0
                        },
                        "Intensity": 1.0,
                        "Position": {
                            "x": 0.0,
                            "y": 0.0,
                            "z": 0.0
                        }
                    },
                    "type": "DirectionalLightComponent"
                }
            ],
            "name": "DirectionalLight"
        },
        {
            "components": [
                {
                    "data": {
                        "Position": {
                            "x": 0.42604750394821167,
                            "y": 15.780424118041992,
                            "z": -20.349992752075195
                        },
                        "Rotation": {
                            "w": 0.9363135099411011,
                            "x": 0.3488685190677643,
                            "y": 0.03757370263338089,
                            "z": -0.013999799266457558
                        },