{
    "editor": {
        "EditorCamera": {
            "eye": {
                "x": -19.837339401245117,
                "y": 13.27279281616211,
                "z": -18.798982620239258
            },
            "look": {
                "x": -19.328746795654297,
                "y": 12.939543724060059,
                "z": -18.005081176757813
            },
            "up": {
                "x": 0.17976412177085876,
                "y": 0.9428387880325317,
                "z": 0.2806060314178467
            }
        }
    },
    "gameObjects": [
        {
            "components": [
                {
                    "data": {
                        "Position": {
                            "x": 2.1723523139953613,
                            "y": 1.563052773475647,
                            "z": 4.796018123626709
                        },
                        "Rotation": {
                            "w": 1.0,
                            "x": -0.0,
                            "y": 0.0,
                            "z": -0.0
                        },
                        "Scale": {
                            "x": 1.0,
                            "y": 1.0,
                            "z": 1.0
                        }
                    },
                    "type": "TransformComponent"
                },
                {
                    "data": {
                        "Material": {
                            "assetIndex": 0,
                            "assetPath": "../ResourceOutput\\hiroshi\\Meta\\hiroshi.asset.json"
                        },
                        "MaterialHandle": {
                            "assetIndex": 0,
                            "assetPath": "../ResourceOutput\\hiroshi\\Meta\\hiroshi.asset.json"
                        },
                        "Overrides": {
                            "overrides": {
                                "baseColor": {
                                    "a": 1.0,
                                    "b": 0.5,
                                    "g": 0.5,
                                    "r": 0.5
                                },
                                "metallic": 0.0,
                                "pixelShader": {
                                    "assetIndex": 0,
                                    "assetPath": ""
                                },
                                "roughness": 1.0,
                                "shaderAsset": {
                                    "assetIndex": 0,
                                    "assetPath": ""
                                },
                                "textures": [
                                    {
                                        "assetIndex": 0,
                                        "assetPath": "../ResourceOutput\\hiroshi\\Meta\\hiroshi.asset.json"
                                    },
                                    {
                                        "assetIndex": 1,
                                        "assetPath": "../ResourceOutput\\hiroshi\\Meta\\hiroshi.asset.json"
                                    },
                                    {
                                        "assetIndex": 2,
                                        "assetPath": "../ResourceOutput\\hiroshi\\Meta\\hiroshi.asset.json"
                                    },
                                    {
                                        "assetIndex": 3,
                                        "assetPath": "../ResourceOutput\\hiroshi\\Meta\\hiroshi.asset.json"
                                    },
                                    {
                                        "assetIndex": 4,
                                        "assetPath": "../ResourceOutput\\hiroshi\\Meta\\hiroshi.asset.json"
                                    },
                                    {
                                        "assetIndex": 0,
                                        "assetPath": ""
                                    }
                                ],
                                "vertexShader": {
                                    "assetIndex": 0,
                                    "assetPath": ""
                                }
                            }
                        }
                    },
                    "type": "MaterialComponent"
                },
                {
                    "data": {
                        "CastShadow": true,
                        "Material": {
                            "assetIndex": 0,
                            "assetPath": "../ResourceOutput\\hiroshi\\Meta\\hiroshi.asset.json"
                        },
                        "Mesh": {
                            "assetIndex": 0,
                            "assetPath": "../ResourceOutput\\Box\\Meta\\Box.asset.json"
                        },
                        "ReceiveShadow": true,
                        "RenderLayer": 2,
                        "Visible": true
                    },
                    "type": "MeshRenderer"
                },
                {
                    "data": {
                        "Mesh": {
                            "assetIndex": 0,
                            "assetPath": "../ResourceOutput\\Box\\Meta\\Box.asset.json"
                        },
                        "MeshHandle": {
                            "assetIndex": 0,
                            "assetPath": "../ResourceOutput\\Box\\Meta\\Box.asset.json"
                        },
                        "SubMeshMaterialOverrides": []
                    },
                    "type": "MeshComponent"
                }
            ],
            "name": "Box1"
        },
        {
            "components": [
                {
                    "data": {
                        "Position": {
                            "x": 0.0,
                            "y": 0.0,
                            "z": 0.0
                        },
                        "Rotation": {
                            "w": 1.0,
                            "x": 0.0,
                            "y": 0.0,
                            "z": 0.0
                        },
                        "Scale": {
                            "x": 1.0,
                            "y": 1.0,
                            "z": 1.0
                        }
                    },
                    "type": "TransformComponent"
                },
                {
                    "data": {
                        "CastShadow": true,
                        "Color": {
                            "x": 1.0,
                            "y": 1.0,
                            "z": 1.0
                        },
                        "Direction": {
                            "x": 0.0,
                            "y": -1.0,
                            "z": 0.0
                        },
                        "Intensity": 1.0,
                        "Position": {
                            "x": 0.0,
                            "y": 0.0,
                            "z": 0.0
                        }
                    },
                    "type": "DirectionalLightComponent"
                }
            ],
            "name": "DirectionalLight"
        },
        {
            "components": [
                {
                    "data": {
                        "Position": {
                            "x": -19.837339401245117,
                            "y": 13.27279281616211,
                            "z": -18.798982620239258
                        },
                        "Rotation": {
                            "w": 0.9458822011947632,
                            "x": 0.16224405169487,
                            "y": 0.2769952118396759,
                            "z": -0.04751250892877579
                        },