{
    "editor": {
        "EditorCamera": {
            "eye": {
                "x": -11.138875961303711,
                "y": 18.22077751159668,
                "z": -17.514118194580078
            },
            "look": {
                "x": -10.754451751708984,
                "y": 17.45203399658203,
                "z": -17.00299072265625
            },
            "up": {
                "x": 0.4620770514011383,
                "y": 0.6395570635795593,
                "z": 0.6143707633018494
            }
        }
    },
    "gameObjects": [
        {
            "components": [
                {
                    "data": {
                        "Position": {
                            "x": 2.1723523139953613,
                            "y": 1.563052773475647,
                            "z": 4.796018123626709
                        },
                        "Rotation": {
                            "w": 1.0,
                            "x": -0.0,
                            "y": 0.0,
                            "z": -0.0
                        },
                        "Scale": {
                            "x": 1.0,
                            "y": 1.0,
                            "z": 1.0
                        }
                    },
                    "type": "TransformComponent"
                },
                {
                    "data": {
                        "Material": {
                            "assetIndex": 0,
                            "assetPath": "../ResourceOutput\\hiroshi\\Meta\\hiroshi.asset.json"
                        },
                        "MaterialHandle": {
                            "assetIndex": 0,
                            "assetPath": "../ResourceOutput\\hiroshi\\Meta\\hiroshi.asset.json"
                        },
                        "Overrides": {
                            "overrides": {
                                "baseColor": {
                                    "a": 1.0,
                                    "b": 0.5,
                                    "g": 0.5,
                                    "r": 0.5
                                },
                                "metallic": 0.0,
                                "pixelShader": {
                                    "assetIndex": 0,
                                    "assetPath": ""
                                },
                                "roughness": 1.0,
                                "shaderAsset": {
                                    "assetIndex": 0,
                                    "assetPath": ""
                                },
                                "textures": [
                                    {
                                        "assetIndex": 0,
                                        "assetPath": "../ResourceOutput\\hiroshi\\Meta\\hiroshi.asset.json"
                                    },
                                    {
                                        "assetIndex": 1,
                                        "assetPath": "../ResourceOutput\\hiroshi\\Meta\\hiroshi.asset.json"
                                    },
                                    {
                                        "assetIndex": 2,
                                        "assetPath": "../ResourceOutput\\hiroshi\\Meta\\hiroshi.asset.json"
                                    },
                                    {
                                        "assetIndex": 3,
                                        "assetPath": "../ResourceOutput\\hiroshi\\Meta\\hiroshi.asset.json"
                                    },
                                    {
                                        "assetIndex": 4,
                                        "assetPath": "../ResourceOutput\\hiroshi\\Meta\\hiroshi.asset.json"
                                    },
                                    {
                                        "assetIndex": 0,
                                        "assetPath": ""
                                    }
                                ],
                                "vertexShader": {
                                    "assetIndex": 0,
                                    "assetPath": ""
                                }
                            }
                        }
                    },
                    "type": "MaterialComponent"
                },
                {
                    "data": {
                        "Mesh": {
                            "assetIndex": 0,
                            "assetPath": "../ResourceOutput\\Box\\Meta\\Box.asset.json"
                        },
                        "MeshHandle": {
                            "assetIndex": 0,
                            "assetPath": "../ResourceOutput\\Box\\Meta\\Box.asset.json"
                        },
                        "SubMeshMaterialOverrides": []
                    },
                    "type": "MeshComponent"
                },
                {
                    "data": {
                        "CastShadow": true,
                        "Material": {
                            "assetIndex": 0,
                            "assetPath": "../ResourceOutput\\hiroshi\\Meta\\hiroshi.asset.json"
                        },
                        "Mesh": {
                            "assetIndex": 0,
                            "assetPath": "../ResourceOutput\\Box\\Meta\\Box.asset.json"
                        },
                        "ReceiveShadow": true,
                        "RenderLayer": 2,
                        "Visible": true
                    },
                    "type": "MeshRenderer"
                }
            ],
            "name": "Box1"
        },
        {
            "components": [
                {
                    "data": {
                        "Position": {
                            "x": 0.0,
                            "y": 0.0,
                            "z": 0.0
                        },
                        "Rotation": {
                            "w": 1.0,
                            "x": 0.0,
                            "y": 0.0,
                            "z": 0.0
                        },
                        "Scale": {
                            "x": 1.0,
                            "y": 1.0,
                            "z": 1.0
                        }
                    },
                    "type": "TransformComponent"
                },
                {
                    "data": {
                        "CastShadow": true,
                        "Color": {
                            "x": 1.0,
                            "y": 1.0,
                            "z": 1.0
                        },
                        "Direction": {
                            "x": 0.0,
                            "y": -1.0,
                            "z": 0.0
                        },
                        "Intensity": 1.0,
                        "Position": {
                            "x": 0.0,
                            "y": 0.0,
                            "z": 0.0
                        }
                    },
                    "type": "DirectionalLightComponent"
                }
            ],
            "name": "DirectionalLight"
        },
        {
            "components": [
                {
                    "data": {
                        "Position": {
                            "x": -11.138875961303711,
                            "y": 18.22077751159668,
                            "z": -17.514118194580078
                        },
                        "Rotation": {
                            "w": 0.8587598204612732,
                            "x": 0.40264880657196045,
                            "y": 0.28689754009246826,
                            "z": -0.1345190852880478
                        },