{
    "editor": {
        "EditorCamera": {
            "eye": {
                "x": -8.97841739654541,
                "y": 11.944757461547852,
                "z": -13.293190002441406
            },
            "look": {
                "x": -8.43094253540039,
                "y": 11.369600296020508,
                "z": -12.685352325439453
            },
            "up": {
                "x": 0.38492316007614136,
                "y": 0.8180431723594666,
                "z": 0.42736342549324036
            }
        }
    },
    "gameObjects": [
        {
            "components": [
                {
                    "data": {
                        "Position": {
                            "x": 0.0,
                            "y": 3.8546125888824463,
                            "z": -3.7485122680664063
                        },
                        "Rotation": {
                            "w": 0.9990482330322266,
                            "x": 0.0,
                            "y": 0.0,
                            "z": 0.04361938685178757
                        },
                        "Scale": {
                            "x": 1.0,
                            "y": 1.0,
                            "z": 1.0
                        }
                    },
                    "type": "TransformComponent"
                },
                {
                    "data": {
                        "Material": {
                            "assetIndex": 0,
                            "assetPath": "../ResourceOutput\\hiroshi\\Meta\\hiroshi.asset.json"
                        },
                        "MaterialHandle": {
                            "assetIndex": 0,
                            "assetPath": "../ResourceOutput\\hiroshi\\Meta\\hiroshi.asset.json"
                        },
                        "Overrides": {
                            "overrides": {
                                "baseColor": {
                                    "a": 1.0,
                                    "b": 0.5,
                                    "g": 0.5,
                                    "r": 0.5
                                },
                                "metallic": 0.0,
                                "pixelShader": {
                                    "assetIndex": 0,
                                    "assetPath": ""
                                },
                                "roughness": 1.0,
                                "shaderAsset": {
                                    "assetIndex": 0,
                                    "assetPath": ""
                                },
                                "textures": [
                                    {
                                        "assetIndex": 0,
                                        "assetPath": "../ResourceOutput\\hiroshi\\Meta\\hiroshi.asset.json"
                                    },
                                    {
                                        "assetIndex": 1,
                                        "assetPath": "../ResourceOutput\\hiroshi\\Meta\\hiroshi.asset.json"
                                    },
                                    {
                                        "assetIndex": 2,
                                        "assetPath": "../ResourceOutput\\hiroshi\\Meta\\hiroshi.asset.json"
                                    },
                                    {
                                        "assetIndex": 3,
                                        "assetPath": "../ResourceOutput\\hiroshi\\Meta\\hiroshi.asset.json"
                                    },
                                    {
                                        "assetIndex": 4,
                                        "assetPath": "../ResourceOutput\\hiroshi\\Meta\\hiroshi.asset.json"
                                    },
                                    {
                                        "assetIndex": 0,
                                        "assetPath": ""
                                    }
                                ],
                                "vertexShader": {
                                    "assetIndex": 0,
                                    "assetPath": ""
                                }
                            }
                        }
                    },
                    "type": "MaterialComponent"
                },
                {
                    "data": {
                        "Mesh": {
                            "assetIndex": 0,
                            "assetPath": "../ResourceOutput\\Box\\Meta\\Box.asset.json"
                        },
                        "MeshHandle": {
                            "assetIndex": 0,
                            "assetPath": "../ResourceOutput\\Box\\Meta\\Box.asset.json"
                        },
                        "SubMeshMaterialOverrides": []
                    },
                    "type": "MeshComponent"
                },
                {
                    "data": {
                        "CastShadow": true,
                        "Material": {
                            "assetIndex": 0,
                            "assetPath": "../ResourceOutput\\hiroshi\\Meta\\hiroshi.asset.json"
                        },
                        "Mesh": {
                            "assetIndex": 0,
                            "assetPath": "../ResourceOutput\\Box\\Meta\\Box.asset.json"
                        },
                        "ReceiveShadow": true,
                        "RenderLayer": 2,
                        "Visible": true
                    },
                    "type": "MeshRenderer"
                }
            ],
            "name": "Box"
        },
        {
            "components": [
                {
                    "data": {
                        "Position": {
                            "x": 5.010489463806152,
                            "y": 0.0,
                            "z": -3.173856735229492
                        },
                        "Rotation": {
                            "w": 1.0,
                            "x": -0.0,
                            "y": 0.0,
                            "z": -0.0
                        },
                        "Scale": {
                            "x": 1.0,
                            "y": 1.0,
                            "z": 1.0
                        }
                    },
                    "type": "TransformComponent"
                },
                {
                    "data": {
                        "Material": {
                            "assetIndex": 0,
                            "assetPath": "../ResourceOutput\\hiroshi\\Meta\\hiroshi.asset.json"
                        },
                        "MaterialHandle": {
                            "assetIndex": 0,
                            "assetPath": "../ResourceOutput\\hiroshi\\Meta\\hiroshi.asset.json"
                        },
                        "Overrides": {
                            "overrides": {
                                "baseColor": {
                                    "a": 1.0,
                                    "b": 0.5,
                                    "g": 0.5,
                                    "r": 0.5
                                },
                                "metallic": 0.0,
                                "pixelShader": {
                                    "assetIndex": 0,
                                    "assetPath": ""
                                },
                                "roughness": 1.0,
                                "shaderAsset": {
                                    "assetIndex": 0,
                                    "assetPath": ""
                                },