{
    "editor": {
        "EditorCamera": {
            "eye": {
                "x": -9.603841781616211,
                "y": 29.403507232666016,
                "z": -22.12388038635254
            },
            "look": {
                "x": -9.381235122680664,
                "y": 28.622148513793945,
                "z": -21.540849685668945
            },
            "up": {
                "x": 0.27870723605155945,
                "y": 0.6240821480751038,
                "z": 0.729961633682251
            }
        }
    },
    "gameObjects": [
        {
            "components": [
                {
                    "data": {
                        "Position": {
                            "x": 2.1723523139953613,
                            "y": 1.563052773475647,
                            "z": 4.796018123626709
                        },
                        "Rotation": {
                            "w": 1.0,
                            "x": -0.0,
                            "y": 0.0,
                            "z": -0.0
                        },
                        "Scale": {
                            "x": 1.0,
                            "y": 1.0,
                            "z": 1.0
                        }
                    },
                    "type": "TransformComponent"
                },
                {
                    "data": {
                        "Material": {
                            "assetIndex": 0,
                            "assetPath": "../ResourceOutput\\hiroshi\\Meta\\hiroshi.asset.json"
                        },
                        "MaterialHandle": {
                            "assetIndex": 0,
                            "assetPath": "../ResourceOutput\\hiroshi\\Meta\\hiroshi.asset.json"
                        },
                        "Overrides": {
                            "overrides": {
                                "baseColor": {
                                    "a": 1.0,
                                    "b": 0.5,
                                    "g": 0.5,
                                    "r": 0.5
                                },
                                "metallic": 0.0,
                                "pixelShader": {
                                    "assetIndex": 0,
                                    "assetPath": ""
                                },
                                "roughness": 1.0,
                                "shaderAsset": {
                                    "assetIndex": 0,
                                    "assetPath": ""
                                },
                                "textures": [
                                    {
                                        "assetIndex": 0,
                                        "assetPath": "../ResourceOutput\\hiroshi\\Meta\\hiroshi.asset.json"
                                    },
                                    {
                                        "assetIndex": 1,
                                        "assetPath": "../ResourceOutput\\hiroshi\\Meta\\hiroshi.asset.json"
                                    },
                                    {
                                        "assetIndex": 2,
                                        "assetPath": "../ResourceOutput\\hiroshi\\Meta\\hiroshi.asset.json"
                                    },
                                    {
                                        "assetIndex": 3,
                                        "assetPath": "../ResourceOutput\\hiroshi\\Meta\\hiroshi.asset.json"
                                    },
                                    {
                                        "assetIndex": 4,
                                        "assetPath": "../ResourceOutput\\hiroshi\\Meta\\hiroshi.asset.json"
                                    },
                                    {
                                        "assetIndex": 0,
                                        "assetPath": ""
                                    }
                                ],
                                "vertexShader": {
                                    "assetIndex": 0,
                                    "assetPath": ""
                                }
                            }
                        }
                    },
                    "type": "MaterialComponent"
                },
                {
                    "data": {
                        "Mesh": {
                            "assetIndex": 0,
                            "assetPath": "../ResourceOutput\\Box\\Meta\\Box.asset.json"
                        },
                        "MeshHandle": {
                            "assetIndex": 0,
                            "assetPath": "../ResourceOutput\\Box\\Meta\\Box.asset.json"
                        },
                        "SubMeshMaterialOverrides": []
                    },
                    "type": "MeshComponent"
                },
                {
                    "data": {
                        "CastShadow": true,
                        "Material": {
                            "assetIndex": 0,
                            "assetPath": "../ResourceOutput\\hiroshi\\Meta\\hiroshi.asset.json"
                        },
                        "Mesh": {
                            "assetIndex": 0,
                            "assetPath": "../ResourceOutput\\Box\\Meta\\Box.asset.json"
                        },
                        "ReceiveShadow": true,
                        "RenderLayer": 2,
                        "Visible": true
                    },
                    "type": "MeshRenderer"
                }
            ],
            "name": "Box1"
        },
        {
            "components": [
                {
                    "data": {
                        "Position": {
                            "x": 0.0,
                            "y": 0.0,
                            "z": 0.0
                        },
                        "Rotation": {
                            "w": 1.0,
                            "x": 0.0,
                            "y": 0.0,
                            "z": 0.0
                        },
                        "Scale": {
                            "x": 1.0,
                            "y": 1.0,
                            "z": 1.0
                        }
                    },
                    "type": "TransformComponent"
                },
                {
                    "data": {
                        "CastShadow": true,
                        "Color": {
                            "x": 1.0,
                            "y": 1.0,
                            "z": 1.0
                        },
                        "Direction": {
                            "x": 0.0,
                            "y": -1.0,
                            "z": 0.0
                        },
                        "Intensity": 1.0,
                        "Position": {
                            "x": 0.0,
                            "y": 0.0,
                            "z": 0.0
                        }
                    },
                    "type": "DirectionalLightComponent"
                }
            ],
            "name": "DirectionalLight"
        },
        {
            "components": [
                {
                    "data": {
                        "Position": {
                            "x": -9.603841781616211,
                            "y": 29.403507232666016,
                            "z": -22.12388038635254
                        },
                        "Rotation": {
                            "w": 0.8861904144287109,
                            "x": 0.4263531565666199,
                            "y": 0.1634247601032257,
                            "z": -0.07862524688243866
                        },