{
    "editor": {
        "EditorCamera": {
            "eye": {
                "x": -8.08468246459961,
                "y": 5.1919755935668945,
                "z": -1.6112984418869019
            },
            "look": {
                "x": -7.164673328399658,
                "y": 5.0072126388549805,
                "z": -1.2656896114349365
            },
            "up": {
                "x": 0.17296142876148224,
                "y": 0.9827830791473389,
                "z": 0.06497474014759064
            }
        }
    },
    "gameObjects": {
        "opaque": [
            {
                "components": [
                    {
                        "data": {
                            "Position": {
                                "x": 0.0,
                                "y": 0.0,
                                "z": 0.0
                            },
                            "Rotation": {
                                "w": 1.0,
                                "x": 0.0,
                                "y": 0.0,
                                "z": 0.0
                            },
                            "Scale": {
                                "x": 1.0,
                                "y": 1.0,
                                "z": 1.0
                            }
                        },
                        "type": "TransformComponent"
                    },
                    {
                        "data": {
                            "Eye": {
                                "x": 0.0,
                                "y": 0.0,
                                "z": 0.0
                            },
                            "FarZ": -3.251794389314e-10,
                            "Look": {
                                "x": 0.0,
                                "y": 0.0,
                                "z": 1.0
                            },
                            "NearZ": -3.251794389314e-10,
                            "Ortho": {
                                "height": 10.0,
                                "width": 10.0
                            },
                            "OrthoOffCenter": {
                                "bottom": -1.0,
                                "left": -1.0,
                                "right": 1.0,
                                "top": 1.0
                            },
                            "Perspective": {
                                "aspect": 1.818411111831665,
                                "fov": 0.7853981852531433
                            },
                            "Up": {
                                "x": 0.0,
                                "y": 1.0,
                                "z": 0.0
                            },
                            "Viewport": {
                                "height": 793.0,
                                "width": 1442.0
                            }
                        },
                        "type": "CameraComponent"
                    }
                ],
                "name": "Editor Camera"
            },
            {
                "components": [
                    {
                        "data": {
                            "Position": {
                                "x": 0.0,
                                "y": 0.0,
                                "z": 0.0
                            },
                            "Rotation": {
                                "w": 1.0,
                                "x": 0.0,
                                "y": 0.0,
                                "z": 0.0
                            },
                            "Scale": {
                                "x": 50.0,
                                "y": 50.0,
                                "z": 50.0
                            }
                        },
                        "type": "TransformComponent"
                    },
                    {
                        "data": {
                            "CastShadow": true,
                            "Material": {
                                "assetIndex": 0,
                                "assetPath": "../ResourceOutput\\hiroshi\\Meta\\hiroshi.asset.json"
                            },
                            "Mesh": {
                                "assetIndex": 0,
                                "assetPath": "../ResourceOutput\\hiroshi\\Meta\\hiroshi.asset.json"
                            },
                            "ReceiveShadow": true,
                            "RenderLayer": 0,
                            "Visible": true
                        },
                        "type": "MeshRenderer"
                    },
                    {
                        "data": {
                            "Mesh": {
                                "assetIndex": 0,
                                "assetPath": "../ResourceOutput\\hiroshi\\Meta\\hiroshi.asset.json"
                            },
                            "MeshHandle": {
                                "assetIndex": 0,
                                "assetPath": "../ResourceOutput\\hiroshi\\Meta\\hiroshi.asset.json"
                            }
                        },
                        "type": "MeshComponent"
                    },
                    {
                        "data": {
                            "Material": {
                                "assetIndex": 0,
                                "assetPath": "../ResourceOutput\\hiroshi\\Meta\\hiroshi.asset.json"
                            },
                            "MaterialHandle": {
                                "assetIndex": 0,
                                "assetPath": "../ResourceOutput\\hiroshi\\Meta\\hiroshi.asset.json"
                            },
                            "Overrides": {
                                "overrides": {
                                    "baseColor": {
                                        "a": 1.0,
                                        "b": 0.5,
                                        "g": 0.5,
                                        "r": 0.5
                                    },
                                    "metallic": 0.0,
                                    "pixelShader": {
                                        "assetIndex": 0,
                                        "assetPath": ""
                                    },
                                    "roughness": 1.0,
                                    "shaderAsset": {
                                        "assetIndex": 0,
                                        "assetPath": ""
                                    },
                                    "textures": [
                                        {
                                            "assetIndex": 0,
                                            "assetPath": "../ResourceOutput\\hiroshi\\Meta\\hiroshi.asset.json"
                                        },
                                        {
                                            "assetIndex": 1,
                                            "assetPath": "../ResourceOutput\\hiroshi\\Meta\\hiroshi.asset.json"
                                        },
                                        {
                                            "assetIndex": 2,
                                            "assetPath": "../ResourceOutput\\hiroshi\\Meta\\hiroshi.asset.json"
                                        },
                                        {
                                            "assetIndex": 3,
                                            "assetPath": "../ResourceOutput\\hiroshi\\Meta\\hiroshi.asset.json"
                                        },
                                        {
                                            "assetIndex": 4,