{
    "editor": {
        "EditorCamera": {
            "eye": {
                "x": 0.7474480271339417,
                "y": 2.349797010421753,
                "z": -4.377477169036865
            },
            "look": {
                "x": 0.3862433433532715,
                "y": 2.0769283771514893,
                "z": -3.4858078956604004
            },
            "up": {
                "x": -0.10244911164045334,
                "y": 0.962051272392273,
                "z": 0.25290608406066895
            }
        }
    },
    "gameObjects": [
        {
            "components": [
                {
                    "data": {
                        "Position": {
                            "x": 0.0,
                            "y": 0.0,
                            "z": 0.0
                        },
                        "Rotation": {
                            "w": 1.0,
                            "x": 0.0,
                            "y": 0.0,
                            "z": 0.0
                        },
                        "Scale": {
                            "x": 1.0,
                            "y": 1.0,
                            "z": 1.0
                        }
                    },
                    "type": "TransformComponent"
                },
                {
                    "data": {
                        "CastShadow": true,
                        "Color": {
                            "x": 1.0,
                            "y": 1.0,
                            "z": 1.0
                        },
                        "Direction": {
                            "x": 1.0,
                            "y": -1.0,
                            "z": 1.0
                        },
                        "Intensity": 1.0,
                        "Position": {
                            "x": 0.0,
                            "y": 0.0,
                            "z": 0.0
                        }
                    },
                    "type": "DirectionalLightComponent"
                }
            ],
            "name": "DirectionalLight"
        },
        {
            "components": [
                {
                    "data": {
                        "Position": {
                            "x": 0.7474480271339417,
                            "y": 2.349797010421753,
                            "z": -4.377477169036865
                        },
                        "Rotation": {
                            "w": 0.9721834063529968,
                            "x": 0.13520462810993195,
                            "y": -0.18943370878696442,
                            "z": 0.026345066726207733
                        },
                        "Scale": {
                            "x": 1.0,
                            "y": 1.0,
                            "z": 1.0
                        }
                    },
                    "type": "TransformComponent"
                },
                {
                    "data": {
                        "Eye": {
                            "x": 0.7474480271339417,
                            "y": 2.349797010421753,
                            "z": -4.377477169036865
                        },
                        "FarZ": 1000.0,
                        "Look": {
                            "x": 0.3862433433532715,
                            "y": 2.0769283771514893,
                            "z": -3.4858078956604004
                        },
                        "NearZ": 0.10000000149011612,
                        "Ortho": {
                            "height": 10.0,
                            "width": 10.0
                        },
                        "OrthoOffCenter": {
                            "bottom": -1.0,
                            "left": -1.0,
                            "right": 1.0,
                            "top": 1.0
                        },
                        "Perspective": {
                            "aspect": 1.7846534252166748,
                            "fov": 0.7853981852531433
                        },
                        "Up": {
                            "x": -0.10244911164045334,
                            "y": 0.962051272392273,
                            "z": 0.25290608406066895
                        },
                        "Viewport": {
                            "height": 808.0,
                            "width": 1442.0
                        }
                    },
                    "type": "CameraComponent"
                }
            ],
            "name": "Editor Camera"
        },
        {
            "components": [
                {
                    "data": {
                        "Position": {
                            "x": 0.0,
                            "y": 0.0,
                            "z": 0.0
                        },
                        "Rotation": {
                            "w": 1.0,
                            "x": 0.0,
                            "y": 0.0,
                            "z": 0.0
                        },
                        "Scale": {
                            "x": 1.0,
                            "y": 1.0,
                            "z": 1.0
                        }
                    },
                    "type": "TransformComponent"
                },
                {
                    "data": {
                        "BlendConfig": {
                            "blendTime": 0.20000000298023224,
                            "blendType": 0,
                            "curveName": "Linear",
                            "fromClip": {
                                "assetIndex": 0,
                                "assetPath": ""
                            },
                            "toClip": {
                                "assetIndex": 0,
                                "assetPath": ""
                            }
                        },
                        "ClipHandle": {
                            "assetIndex": 0,
                            "assetPath": "../ResourceOutput\\Dying\\Meta\\Dying.asset.json"
                        }
                    },
                    "type": "AnimationComponent"
                },
                {
                    "data": {
                        "CastShadow": true,
                        "Material": {
                            "assetIndex": 0,
                            "assetPath": "../ResourceOutput\\Dying\\Meta\\Dying.asset.json"
                        },
                        "Mesh": {
                            "assetIndex": 0,
                            "assetPath": "../ResourceOutput\\Dying\\Meta\\Dying.asset.json"
                        },
                        "ReceiveShadow": true,
                        "RenderLayer": 1,
                        "Skeleton": {
                            "assetIndex": 0,
                            "assetPath": "../ResourceOutput\\Dying\\Meta\\Dying.asset.json"
                        },
                        "Visible": true
                    },
                    "type": "SkeletalMeshRenderer"
                },
                {
                    "data": {
                        "Mesh": {
                            "assetIndex": 0,
                            "assetPath": "../ResourceOutput\\Dying\\Meta\\Dying.asset.json"
                        },
                        "MeshHandle": {
                            "assetIndex": 0,
                            "assetPath": "../ResourceOutput\\Dying\\Meta\\Dying.asset.json"
                        },
                        "Skeleton": {
                            "assetIndex": 0,
                            "assetPath": "../ResourceOutput\\Dying\\Meta\\Dying.asset.json"
                        },
                        "SkeletonHandle": {
                            "assetIndex": 0,