{
    "editor": {
        "EditorCamera": {
            "eye": {
                "x": -32.41047286987305,
                "y": 31.550662994384766,
                "z": -19.297576904296875
            },
            "look": {
                "x": -31.77354621887207,
                "y": 30.93907928466797,
                "z": -18.828224182128906
            },
            "up": {
                "x": 0.492343544960022,
                "y": 0.7911801934242249,
                "z": 0.3628108501434326
            }
        }
    },
    "gameObjects": [
        {
            "components": [
                {
                    "data": {
                        "Position": {
                            "x": 0.0,
                            "y": 0.0,
                            "z": 0.0
                        },
                        "Rotation": {
                            "w": 1.0,
                            "x": 0.0,
                            "y": 0.0,
                            "z": 0.0
                        },
                        "Scale": {
                            "x": 1.0,
                            "y": 1.0,
                            "z": 1.0
                        }
                    },
                    "type": "TransformComponent"
                },
                {
                    "data": {
                        "CastShadow": true,
                        "Color": {
                            "x": 1.0,
                            "y": 1.0,
                            "z": 1.0
                        },
                        "Direction": {
                            "x": 0.0,
                            "y": -1.0,
                            "z": 0.0
                        },
                        "Intensity": 1.0,
                        "Position": {
                            "x": 0.0,
                            "y": 0.0,
                            "z": 0.0
                        }
                    },
                    "type": "DirectionalLightComponent"
                }
            ],
            "name": "DirectionalLight"
        },
        {
            "components": [
                {
                    "data": {
                        "Position": {
                            "x": -3.013698101043701,
                            "y": 11.450615882873535,
                            "z": -20.9918270111084
                        },
                        "Rotation": {
                            "w": 0.994393527507782,
                            "x": 0.09727844595909119,
                            "y": 0.04125751927495003,
                            "z": -0.004036083817481995
                        },
                        "Scale": {
                            "x": 1.0,
                            "y": 1.0,
                            "z": 1.0
                        }
                    },
                    "type": "TransformComponent"
                },
                {
                    "data": {
                        "Eye": {
                            "x": -3.013698101043701,
                            "y": 11.450615882873535,
                            "z": -20.9918270111084
                        },
                        "FarZ": 1000.0,
                        "Look": {
                            "x": -2.9324309825897217,
                            "y": 11.256816864013672,
                            "z": -20.014158248901367
                        },
                        "NearZ": 0.10000000149011612,
                        "Ortho": {
                            "height": 10.0,
                            "width": 10.0
                        },
                        "OrthoOffCenter": {
                            "bottom": -1.0,
                            "left": -1.0,
                            "right": 1.0,
                            "top": 1.0
                        },
                        "Perspective": {
                            "aspect": 1.7846534252166748,
                            "fov": 0.7853981852531433
                        },
                        "Up": {
                            "x": 0.01605384796857834,
                            "y": 0.9810413122177124,
                            "z": 0.19313308596611023
                        },
                        "Viewport": {
                            "height": 808.0,
                            "width": 1442.0
                        }
                    },
                    "type": "CameraComponent"
                }
            ],
            "name": "Editor Camera"
        },
        {
            "components": [
                {
                    "data": {
                        "Position": {
                            "x": 0.0,
                            "y": 0.0,
                            "z": 0.0
                        },
                        "Rotation": {
                            "w": 0.8443279266357422,
                            "x": -0.0,
                            "y": -0.5358268618583679,
                            "z": 0.0
                        },
                        "Scale": {
                            "x": 69.44525909423828,
                            "y": 69.44525909423828,
                            "z": 69.44525909423828
                        }
                    },
                    "type": "TransformComponent"
                },
                {
                    "data": {
                        "Material": {
                            "assetIndex": 0,
                            "assetPath": "../ResourceOutput\\hiroshi\\Meta\\hiroshi.asset.json"
                        },
                        "MaterialHandle": {
                            "assetIndex": 0,
                            "assetPath": "../ResourceOutput\\hiroshi\\Meta\\hiroshi.asset.json"
                        },
                        "Overrides": {
                            "overrides": {
                                "baseColor": {
                                    "a": 1.0,
                                    "b": 0.5,
                                    "g": 0.5,
                                    "r": 0.5
                                },
                                "metallic": 0.0,
                                "pixelShader": {
                                    "assetIndex": 0,
                                    "assetPath": ""
                                },
                                "roughness": 1.0,
                                "shaderAsset": {
                                    "assetIndex": 0,
                                    "assetPath": ""
                                },
                                "textures": [
                                    {
                                        "assetIndex": 0,
                                        "assetPath": "../ResourceOutput\\hiroshi\\Meta\\hiroshi.asset.json"
                                    },
                                    {
                                        "assetIndex": 1,
                                        "assetPath": "../ResourceOutput\\hiroshi\\Meta\\hiroshi.asset.json"
                                    },
                                    {
                                        "assetIndex": 2,
                                        "assetPath": "../ResourceOutput\\hiroshi\\Meta\\hiroshi.asset.json"
                                    },
                                    {
                                        "assetIndex": 3,
                                        "assetPath": "../ResourceOutput\\hiroshi\\Meta\\hiroshi.asset.json"
                                    },
                                    {
                                        "assetIndex": 4,