{
    "editor": {
        "EditorCamera": {
            "eye": {
                "x": 0.7081608772277832,
                "y": 1.9855616092681885,
                "z": -7.827878952026367
            },
            "look": {
                "x": 0.6054620742797852,
                "y": 1.9313896894454956,
                "z": -6.8346428871154785
            },
            "up": {
                "x": -0.00557155953720212,
                "y": 0.9985316395759583,
                "z": 0.05388465151190758
            }
        }
    },
    "gameObjects": {
        "opaque": [
            {
                "components": [
                    {
                        "data": {
                            "Position": {
                                "x": 0.0,
                                "y": 0.0,
                                "z": 0.0
                            },
                            "Rotation": {
                                "w": 1.0,
                                "x": 0.0,
                                "y": 0.0,
                                "z": 0.0
                            },
                            "Scale": {
                                "x": 1.0,
                                "y": 1.0,
                                "z": 1.0
                            }
                        },
                        "type": "TransformComponent"
                    },
                    {
                        "data": {
                            "Eye": {
                                "x": 0.7081608772277832,
                                "y": 1.9855616092681885,
                                "z": -7.827878952026367
                            },
                            "Look": {
                                "x": 0.6054620742797852,
                                "y": 1.9313896894454956,
                                "z": -6.8346428871154785
                            },
                            "Ortho": {
                                "height": 10.0,
                                "width": 10.0
                            },
                            "OrthoOffCenter": {
                                "bottom": -1.0,
                                "left": -1.0,
                                "right": 1.0,
                                "top": 1.0
                            },
                            "Perspective": {
                                "aspect": 1.7777777910232544,
                                "fov": 0.7853981852531433
                            },
                            "Up": {
                                "x": -0.00557155953720212,
                                "y": 0.9985316395759583,
                                "z": 0.05388465151190758
                            },
                            "Viewport": {
                                "height": 1080.0,
                                "width": 1920.0
                            }
                        },
                        "type": "CameraComponent"
                    }
                ],
                "name": "Editor Camera"
            },
            {
                "components": [
                    {
                        "data": {
                            "Position": {
                                "x": 0.0,
                                "y": 0.0,
                                "z": 0.0
                            },
                            "Rotation": {
                                "w": 1.0,
                                "x": 0.0,
                                "y": 0.0,
                                "z": 0.0
                            },
                            "Scale": {
                                "x": 1.0,
                                "y": 1.0,
                                "z": 1.0
                            }
                        },
                        "type": "TransformComponent"
                    },
                    {
                        "data": {
                            "CastShadow": true,
                            "Material": {
                                "assetIndex": 0,
                                "assetPath": ""
                            },
                            "Mesh": {
                                "assetIndex": 0,
                                "assetPath": ""
                            },
                            "ReceiveShadow": true,
                            "RenderLayer": 0,
                            "Visible": true
                        },
                        "type": "MeshRenderer"
                    },
                    {
                        "data": {
                            "Mesh": {
                                "assetIndex": 0,
                                "assetPath": ""
                            }
                        },
                        "type": "MeshComponent"
                    },
                    {
                        "data": {
                            "Material": {
                                "assetIndex": 0,
                                "assetPath": ""
                            },
                            "Overrides": {
                                "overrides": {
                                    "baseColor": {
                                        "a": 1.0,
                                        "b": 1.0,
                                        "g": 1.0,
                                        "r": 1.0
                                    },
                                    "metallic": 0.0,
                                    "roughness": 1.0
                                }
                            }
                        },
                        "type": "MaterialComponent"
                    }
                ],
                "name": "GameObject"
            },
            {
                "components": [
                    {
                        "data": {
                            "Position": {
                                "x": 0.0,
                                "y": 0.0,
                                "z": 0.0
                            },
                            "Rotation": {
                                "w": 1.0,
                                "x": 0.0,
                                "y": 0.0,
                                "z": 0.0
                            },
                            "Scale": {
                                "x": 1.0,
                                "y": 1.0,
                                "z": 1.0
                            }
                        },
                        "type": "TransformComponent"
                    },
                    {
                        "data": {
                            "Eye": {
                                "x": 0.0,
                                "y": 3.0,
                                "z": -5.0
                            },
                            "Look": {
                                "x": 0.0,
                                "y": 0.0,
                                "z": 0.0
                            },
                            "Ortho": {
                                "height": 10.0,
                                "width": 10.0
                            },
                            "OrthoOffCenter": {
                                "bottom": -1.0,
                                "left": -1.0,
                                "right": 1.0,
                                "top": 1.0
                            },
                            "Perspective": {
                                "aspect": 1.7777777910232544,
                                "fov": 0.7853981852531433
                            },
                            "Up": {
                                "x": 0.0,
                                "y": 1.0,