{
    "editor": {
        "EditorCamera": {
            "eye": {
                "x": 2.3908321857452393,
                "y": 2.017970323562622,
                "z": -1.5935702323913574
            },
            "look": {
                "x": 1.5281939506530762,
                "y": 1.6397960186004639,
                "z": -1.2576544284820557
            },
            "up": {
                "x": -0.35239875316619873,
                "y": 0.9257344007492065,
                "z": 0.1372259259223938
            }
        }
    },
    "gameObjects": [
        {
            "components": [
                {
                    "data": {
                        "Position": {
                            "x": 0.0,
                            "y": 0.0,
                            "z": 0.0
                        },
                        "Rotation": {
                            "w": 1.0,
                            "x": 0.0,
                            "y": 0.0,
                            "z": 0.0
                        },
                        "Scale": {
                            "x": 1.0,
                            "y": 1.0,
                            "z": 1.0
                        }
                    },
                    "type": "TransformComponent"
                },
                {
                    "data": {
                        "CastShadow": true,
                        "Color": {
                            "x": 1.0,
                            "y": 1.0,
                            "z": 1.0
                        },
                        "Direction": {
                            "x": 0.0,
                            "y": -1.0,
                            "z": 0.0
                        },
                        "Intensity": 1.0,
                        "Position": {
                            "x": 0.0,
                            "y": 0.0,
                            "z": 0.0
                        }
                    },
                    "type": "DirectionalLightComponent"
                }
            ],
            "name": "DirectionalLight"
        },
        {
            "components": [
                {
                    "data": {
                        "Position": {
                            "x": 2.3908321857452393,
                            "y": 2.017970323562622,
                            "z": -1.5935702323913574
                        },
                        "Rotation": {
                            "w": 0.8100177049636841,
                            "x": 0.159070685505867,
                            "y": -0.5538398623466492,
                            "z": 0.10876266658306122
                        },
                        "Scale": {
                            "x": 1.0,
                            "y": 1.0,
                            "z": 1.0
                        }
                    },
                    "type": "TransformComponent"
                },
                {
                    "data": {
                        "Eye": {
                            "x": 2.3908321857452393,
                            "y": 2.017970323562622,
                            "z": -1.5935702323913574
                        },
                        "FarZ": 1000.0,
                        "Look": {
                            "x": 1.5281939506530762,
                            "y": 1.6397960186004639,
                            "z": -1.2576544284820557
                        },
                        "NearZ": 0.10000000149011612,
                        "Ortho": {
                            "height": 10.0,
                            "width": 10.0
                        },
                        "OrthoOffCenter": {
                            "bottom": -1.0,
                            "left": -1.0,
                            "right": 1.0,
                            "top": 1.0
                        },
                        "Perspective": {
                            "aspect": 1.7846534252166748,
                            "fov": 0.7853981852531433
                        },
                        "Up": {
                            "x": -0.35239875316619873,
                            "y": 0.9257344007492065,
                            "z": 0.1372259259223938
                        },
                        "Viewport": {
                            "height": 808.0,
                            "width": 1442.0
                        }
                    },
                    "type": "CameraComponent"
                }
            ],
            "name": "Editor Camera"
        },
        {
            "components": [
                {
                    "data": {
                        "Position": {
                            "x": 0.0,
                            "y": 0.0,
                            "z": 0.0
                        },
                        "Rotation": {
                            "w": 1.0,
                            "x": 0.0,
                            "y": 0.0,
                            "z": 0.0
                        },
                        "Scale": {
                            "x": 1.0,
                            "y": 1.0,
                            "z": 1.0
                        }
                    },
                    "type": "TransformComponent"
                },
                {
                    "data": {
                        "BlendConfig": {
                            "blendTime": 0.20000000298023224,
                            "blendType": 0,
                            "curveName": "Linear",
                            "fromClip": {
                                "assetIndex": 0,
                                "assetPath": ""
                            },
                            "toClip": {
                                "assetIndex": 0,
                                "assetPath": ""
                            }
                        },
                        "ClipHandle": {
                            "assetIndex": 0,
                            "assetPath": "../ResourceOutput\\Sitting Laughing\\Meta\\Sitting Laughing.asset.json"
                        }
                    },
                    "type": "AnimationComponent"
                },
                {
                    "data": {
                        "CastShadow": true,
                        "Material": {
                            "assetIndex": 0,
                            "assetPath": "../ResourceOutput\\Sitting Laughing\\Meta\\Sitting Laughing.asset.json"
                        },
                        "Mesh": {
                            "assetIndex": 0,
                            "assetPath": "../ResourceOutput\\Sitting Laughing\\Meta\\Sitting Laughing.asset.json"
                        },
                        "ReceiveShadow": true,
                        "RenderLayer": 1,
                        "Skeleton": {
                            "assetIndex": 0,
                            "assetPath": "../ResourceOutput\\Sitting Laughing\\Meta\\Sitting Laughing.asset.json"
                        },
                        "Visible": true
                    },
                    "type": "SkeletalMeshRenderer"
                },
                {
                    "data": {
                        "Material": {
                            "assetIndex": 0,
                            "assetPath": "../ResourceOutput\\Sitting Laughing\\Meta\\Sitting Laughing.asset.json"
                        },
                        "MaterialHandle": {
                            "assetIndex": 0,
                            "assetPath": "../ResourceOutput\\Sitting Laughing\\Meta\\Sitting Laughing.asset.json"
                        },
                        "Overrides": {
                            "overrides": {
                                "baseColor": {
                                    "a": 1.0,