{
    "editor": {
        "EditorCamera": {
            "eye": {
                "x": -0.03506055101752281,
                "y": 1.968023419380188,
                "z": -2.0334160327911377
            },
            "look": {
                "x": -0.12309625744819641,
                "y": 1.5335417985916138,
                "z": -1.1370480060577393
            },
            "up": {
                "x": -0.04246775433421135,
                "y": 0.9006807208061218,
                "z": 0.4324010908603668
            }
        }
    },
    "gameObjects": {
        "opaque": [
            {
                "components": [
                    {
                        "data": {
                            "Position": {
                                "x": 0.0,
                                "y": 0.0,
                                "z": 0.0
                            },
                            "Rotation": {
                                "w": 1.0,
                                "x": 0.0,
                                "y": 0.0,
                                "z": 0.0
                            },
                            "Scale": {
                                "x": 1.0,
                                "y": 1.0,
                                "z": 1.0
                            }
                        },
                        "type": "TransformComponent"
                    },
                    {
                        "data": {
                            "Eye": {
                                "x": -0.03506055101752281,
                                "y": 1.968023419380188,
                                "z": -2.0334160327911377
                            },
                            "Look": {
                                "x": -0.12309625744819641,
                                "y": 1.5335417985916138,
                                "z": -1.1370480060577393
                            },
                            "Ortho": {
                                "height": 10.0,
                                "width": 10.0
                            },
                            "OrthoOffCenter": {
                                "bottom": -1.0,
                                "left": -1.0,
                                "right": 1.0,
                                "top": 1.0
                            },
                            "Perspective": {
                                "aspect": 1.7846534252166748,
                                "fov": 0.7853981852531433
                            },
                            "Up": {
                                "x": -0.04246775433421135,
                                "y": 0.9006807208061218,
                                "z": 0.4324010908603668
                            },
                            "Viewport": {
                                "height": 808.0,
                                "width": 1442.0
                            }
                        },
                        "type": "CameraComponent"
                    }
                ],
                "name": "Editor Camera"
            },
            {
                "components": [
                    {
                        "data": {
                            "Position": {
                                "x": 0.0,
                                "y": 0.0,
                                "z": 0.0
                            },
                            "Rotation": {
                                "w": 0.9781476259231567,
                                "x": 0.0,
                                "y": 0.20791170001029968,
                                "z": 0.0
                            },
                            "Scale": {
                                "x": 1.0,
                                "y": 1.0,
                                "z": 1.0
                            }
                        },
                        "type": "TransformComponent"
                    },
                    {
                        "data": {
                            "Material": {
                                "assetIndex": 0,
                                "assetPath": "../ResourceOutput\\Unarmed Walk Forward\\Meta\\Unarmed Walk Forward.asset.json"
                            },
                            "MaterialHandle": {
                                "assetIndex": 0,
                                "assetPath": "../ResourceOutput\\Unarmed Walk Forward\\Meta\\Unarmed Walk Forward.asset.json"
                            },
                            "Overrides": {
                                "overrides": {
                                    "baseColor": {
                                        "a": 1.0,
                                        "b": 1.0,
                                        "g": 1.0,
                                        "r": 1.0
                                    },
                                    "metallic": 0.0,
                                    "roughness": 0.5527864098548889,
                                    "textures": [
                                        {
                                            "assetIndex": 0,
                                            "assetPath": "../ResourceOutput\\Unarmed Walk Forward\\Meta\\Unarmed Walk Forward.asset.json"
                                        },
                                        {
                                            "assetIndex": 1,
                                            "assetPath": "../ResourceOutput\\Unarmed Walk Forward\\Meta\\Unarmed Walk Forward.asset.json"
                                        },
                                        {
                                            "assetIndex": 0,
                                            "assetPath": ""
                                        },
                                        {
                                            "assetIndex": 0,
                                            "assetPath": ""
                                        },
                                        {
                                            "assetIndex": 0,
                                            "assetPath": ""
                                        },
                                        {
                                            "assetIndex": 0,
                                            "assetPath": ""
                                        }
                                    ]
                                }
                            }
                        },
                        "type": "MaterialComponent"
                    },
                    {
                        "data": {
                            "CastShadow": true,
                            "Material": {
                                "assetIndex": 0,
                                "assetPath": ""
                            },
                            "Mesh": {
                                "assetIndex": 0,
                                "assetPath": ""
                            },
                            "ReceiveShadow": true,
                            "RenderLayer": 0,
                            "Visible": true
                        },
                        "type": "MeshRenderer"
                    },
                    {
                        "data": {
                            "Mesh": {
                                "assetIndex": 0,
                                "assetPath": "../ResourceOutput\\Unarmed Walk Forward\\Meta\\Unarmed Walk Forward.asset.json"
                            },
                            "MeshHandle": {
                                "assetIndex": 0,
                                "assetPath": "../ResourceOutput\\Unarmed Walk Forward\\Meta\\Unarmed Walk Forward.asset.json"
                            }
                        },