{
    "editor": {
        "EditorCamera": {
            "eye": {
                "x": -0.5488109588623047,
                "y": 1.1378204822540283,
                "z": -1.152115821838379
            },
            "look": {
                "x": -0.12933209538459778,
                "y": 0.9854789972305298,
                "z": -0.25722503662109375
            },
            "up": {
                "x": 0.06465872377157211,
                "y": 0.9883279204368591,
                "z": 0.13793900609016418
            }
        }
    },
    "gameObjects": {
        "opaque": [
            {
                "components": [
                    {
                        "data": {
                            "Position": {
                                "x": 0.0,
                                "y": 0.0,
                                "z": 0.0
                            },
                            "Rotation": {
                                "w": 1.0,
                                "x": 0.0,
                                "y": 0.0,
                                "z": 0.0
                            },
                            "Scale": {
                                "x": 1.0,
                                "y": 1.0,
                                "z": 1.0
                            }
                        },
                        "type": "TransformComponent"
                    },
                    {
                        "data": {
                            "Eye": {
                                "x": -0.5488109588623047,
                                "y": 1.1378204822540283,
                                "z": -1.152115821838379
                            },
                            "Look": {
                                "x": -0.12933209538459778,
                                "y": 0.9854789972305298,
                                "z": -0.25722503662109375
                            },
                            "Ortho": {
                                "height": 10.0,
                                "width": 10.0
                            },
                            "OrthoOffCenter": {
                                "bottom": -1.0,
                                "left": -1.0,
                                "right": 1.0,
                                "top": 1.0
                            },
                            "Perspective": {
                                "aspect": 1.818411111831665,
                                "fov": 0.7853981852531433
                            },
                            "Up": {
                                "x": 0.06465872377157211,
                                "y": 0.9883279204368591,
                                "z": 0.13793900609016418
                            },
                            "Viewport": {
                                "height": 793.0,
                                "width": 1442.0
                            }
                        },
                        "type": "CameraComponent"
                    }
                ],
                "name": "Editor Camera"
            },
            {
                "components": [
                    {
                        "data": {
                            "Position": {
                                "x": 0.0,
                                "y": 0.0,
                                "z": 0.0
                            },
                            "Rotation": {
                                "w": 1.0,
                                "x": 0.0,
                                "y": 0.0,
                                "z": 0.0
                            },
                            "Scale": {
                                "x": 15.0,
                                "y": 15.0,
                                "z": 15.0
                            }
                        },
                        "type": "TransformComponent"
                    },
                    {
                        "data": {
                            "Mesh": {
                                "assetIndex": 0,
                                "assetPath": "../ResourceOutput\\shinchan\\Meta\\shinchan.asset.json"
                            },
                            "MeshHandle": {
                                "assetIndex": 0,
                                "assetPath": "../ResourceOutput\\shinchan\\Meta\\shinchan.asset.json"
                            }
                        },
                        "type": "MeshComponent"
                    },
                    {
                        "data": {
                            "CastShadow": true,
                            "Material": {
                                "assetIndex": 0,
                                "assetPath": ""
                            },
                            "Mesh": {
                                "assetIndex": 0,
                                "assetPath": ""
                            },
                            "ReceiveShadow": true,
                            "RenderLayer": 0,
                            "Visible": true
                        },
                        "type": "MeshRenderer"
                    },
                    {
                        "data": {
                            "Material": {
                                "assetIndex": 0,
                                "assetPath": "../ResourceOutput\\shinchan\\Meta\\shinchan.asset.json"
                            },
                            "MaterialHandle": {
                                "assetIndex": 0,
                                "assetPath": "../ResourceOutput\\shinchan\\Meta\\shinchan.asset.json"
                            },
                            "Overrides": {
                                "overrides": {
                                    "baseColor": {
                                        "a": 1.0,
                                        "b": 0.5,
                                        "g": 0.5,
                                        "r": 0.5
                                    },
                                    "metallic": 0.0,
                                    "roughness": 1.0,
                                    "textures": [
                                        {
                                            "assetIndex": 0,
                                            "assetPath": "../ResourceOutput\\shinchan\\Meta\\shinchan.asset.json"
                                        },
                                        {
                                            "assetIndex": 1,
                                            "assetPath": "../ResourceOutput\\shinchan\\Meta\\shinchan.asset.json"
                                        },
                                        {
                                            "assetIndex": 2,
                                            "assetPath": "../ResourceOutput\\shinchan\\Meta\\shinchan.asset.json"
                                        },
                                        {
                                            "assetIndex": 3,
                                            "assetPath": "../ResourceOutput\\shinchan\\Meta\\shinchan.asset.json"
                                        },
                                        {
                                            "assetIndex": 4,
                                            "assetPath": "../ResourceOutput\\shinchan\\Meta\\shinchan.asset.json"
                                        },
                                        {
                                            "assetIndex": 0,
                                            "assetPath": ""
                                        }
                                    ]
                                }
                            }
                        },