{
    "editor": {
        "EditorCamera": {
            "eye": {
                "x": -0.5488109588623047,
                "y": 1.1378204822540283,
                "z": -1.152115821838379
            },
            "look": {
                "x": -0.08865383267402649,
                "y": 1.0390281677246094,
                "z": -0.269791841506958
            },
            "up": {
                "x": 0.04568347707390785,
                "y": 0.9951081275939941,
                "z": 0.08759535849094391
            }
        }
    },
    "gameObjects": {
        "opaque": [
            {
                "components": [
                    {
                        "data": {
                            "Position": {
                                "x": 0.0,
                                "y": 0.0,
                                "z": 0.0
                            },
                            "Rotation": {
                                "w": 1.0,
                                "x": 0.0,
                                "y": 0.0,
                                "z": 0.0
                            },
                            "Scale": {
                                "x": 1.0,
                                "y": 1.0,
                                "z": 1.0
                            }
                        },
                        "type": "TransformComponent"
                    },
                    {
                        "data": {
                            "Eye": {
                                "x": -0.5488109588623047,
                                "y": 1.1378204822540283,
                                "z": -1.152115821838379
                            },
                            "Look": {
                                "x": -0.08865383267402649,
                                "y": 1.0390281677246094,
                                "z": -0.269791841506958
                            },
                            "Ortho": {
                                "height": 10.0,
                                "width": 10.0
                            },
                            "OrthoOffCenter": {
                                "bottom": -1.0,
                                "left": -1.0,
                                "right": 1.0,
                                "top": 1.0
                            },
                            "Perspective": {
                                "aspect": 1.7846534252166748,
                                "fov": 0.7853981852531433
                            },
                            "Up": {
                                "x": 0.04568347707390785,
                                "y": 0.9951081275939941,
                                "z": 0.08759535849094391
                            },
                            "Viewport": {
                                "height": 808.0,
                                "width": 1442.0
                            }
                        },
                        "type": "CameraComponent"
                    }
                ],
                "name": "Editor Camera"
            },
            {
                "components": [
                    {
                        "data": {
                            "Position": {
                                "x": 0.0,
                                "y": 0.0,
                                "z": 0.0
                            },
                            "Rotation": {
                                "w": 1.0,
                                "x": 0.0,
                                "y": 0.0,
                                "z": 0.0
                            },
                            "Scale": {
                                "x": 15.0,
                                "y": 15.0,
                                "z": 15.0
                            }
                        },
                        "type": "TransformComponent"
                    },
                    {
                        "data": {
                            "CastShadow": true,
                            "Material": {
                                "assetIndex": 0,
                                "assetPath": ""
                            },
                            "Mesh": {
                                "assetIndex": 0,
                                "assetPath": ""
                            },
                            "ReceiveShadow": true,
                            "RenderLayer": 0,
                            "Visible": true
                        },
                        "type": "MeshRenderer"
                    },
                    {
                        "data": {
                            "Mesh": {
                                "assetIndex": 0,
                                "assetPath": "../ResourceOutput\\shinchan\\Meta\\shinchan.asset.json"
                            },
                            "MeshHandle": {
                                "assetIndex": 0,
                                "assetPath": "../ResourceOutput\\shinchan\\Meta\\shinchan.asset.json"
                            }
                        },
                        "type": "MeshComponent"
                    },
                    {
                        "data": {
                            "Material": {
                                "assetIndex": 0,
                                "assetPath": "../ResourceOutput\\hiroshi\\Meta\\hiroshi.asset.json"
                            },
                            "MaterialHandle": {
                                "assetIndex": 0,
                                "assetPath": "../ResourceOutput\\hiroshi\\Meta\\hiroshi.asset.json"
                            },
                            "Overrides": {
                                "overrides": {
                                    "baseColor": {
                                        "a": 1.0,
                                        "b": 1.0,
                                        "g": 1.0,
                                        "r": 1.0
                                    },
                                    "metallic": 0.0,
                                    "roughness": 1.0
                                }
                            }
                        },
                        "type": "MaterialComponent"
                    }
                ],
                "name": "GameObject"
            },
            {
                "components": [
                    {
                        "data": {
                            "Position": {
                                "x": 0.0,
                                "y": 0.0,
                                "z": 0.0
                            },
                            "Rotation": {
                                "w": 1.0,
                                "x": 0.0,
                                "y": 0.0,
                                "z": 0.0
                            },
                            "Scale": {
                                "x": 1.0,
                                "y": 1.0,
                                "z": 1.0
                            }
                        },
                        "type": "TransformComponent"
                    },
                    {
                        "data": {
                            "Eye": {
                                "x": 0.0,
                                "y": 3.0,
                                "z": -5.0
                            },
                            "Look": {
                                "x": 0.0,
                                "y": 0.0,
                                "z": 0.0
                            },
                            "Ortho": {
                                "height": 10.0,
                                "width": 10.0
                            },