{
    "editor": {
        "EditorCamera": {
            "eye": {
                "x": -1.0091768503189087,
                "y": 12.916555404663086,
                "z": 12.165590286254883
            },
            "look": {
                "x": -1.0459944009780884,
                "y": 12.38671875,
                "z": 11.318289756774902
            },
            "up": {
                "x": -0.02300112321972847,
                "y": 0.8480997681617737,
                "z": -0.5293370485305786
            }
        }
    },
    "gameObjects": {
        "opaque": [
            {
                "components": [
                    {
                        "data": {
                            "Position": {
                                "x": -1.0091768503189087,
                                "y": 12.916555404663086,
                                "z": 12.165590286254883
                            },
                            "Rotation": {
                                "w": -0.020870259031653404,
                                "x": -0.005983332172036171,
                                "y": 0.9610485434532166,
                                "z": -0.2755255103111267
                            },
                            "Scale": {
                                "x": 1.0,
                                "y": 1.0,
                                "z": 1.0
                            }
                        },
                        "type": "TransformComponent"
                    },
                    {
                        "data": {
                            "Eye": {
                                "x": -1.0091768503189087,
                                "y": 12.916555404663086,
                                "z": 12.165590286254883
                            },
                            "FarZ": 1000.0,
                            "Look": {
                                "x": -1.0459944009780884,
                                "y": 12.38671875,
                                "z": 11.318289756774902
                            },
                            "NearZ": 0.10000000149011612,
                            "Ortho": {
                                "height": 10.0,
                                "width": 10.0
                            },
                            "OrthoOffCenter": {
                                "bottom": -1.0,
                                "left": -1.0,
                                "right": 1.0,
                                "top": 1.0
                            },
                            "Perspective": {
                                "aspect": 1.7846534252166748,
                                "fov": 0.7853981852531433
                            },
                            "Up": {
                                "x": -0.02300112321972847,
                                "y": 0.8480997681617737,
                                "z": -0.5293370485305786
                            },
                            "Viewport": {
                                "height": 808.0,
                                "width": 1442.0
                            }
                        },
                        "type": "CameraComponent"
                    }
                ],
                "name": "Editor Camera"
            },
            {
                "components": [
                    {
                        "data": {
                            "Position": {
                                "x": 0.0,
                                "y": 4.0,
                                "z": -11.0
                            },
                            "Rotation": {
                                "w": 0.9914448857307434,
                                "x": 0.13052619993686676,
                                "y": 0.0,
                                "z": 0.0
                            },
                            "Scale": {
                                "x": 1.0,
                                "y": 1.0,
                                "z": 1.0
                            }
                        },
                        "type": "TransformComponent"
                    },
                    {
                        "data": {
                            "Eye": {
                                "x": 0.0,
                                "y": 4.0,
                                "z": -11.0
                            },
                            "FarZ": 100.0,
                            "Look": {
                                "x": 0.0,
                                "y": 3.741180896759033,
                                "z": -10.034073829650879
                            },
                            "NearZ": 1.0,
                            "Ortho": {
                                "height": 10.0,
                                "width": 10.0
                            },
                            "OrthoOffCenter": {
                                "bottom": -1.0,
                                "left": -1.0,
                                "right": 1.0,
                                "top": 1.0
                            },
                            "Perspective": {
                                "aspect": 1.7846534252166748,
                                "fov": 0.7853981852531433
                            },
                            "Up": {
                                "x": 0.0,
                                "y": 0.9659257531166077,
                                "z": 0.2588190734386444
                            },
                            "Viewport": {
                                "height": 808.0,
                                "width": 1442.0
                            }
                        },
                        "type": "CameraComponent"
                    }
                ],
                "name": "Main Camera"
            },
            {
                "components": [
                    {
                        "data": {
                            "Position": {
                                "x": 2.2317612171173096,
                                "y": 0.5312020778656006,
                                "z": 2.3855478763580322
                            },
                            "Rotation": {
                                "w": 0.5148654580116272,
                                "x": 0.0,
                                "y": 0.8572710156440735,
                                "z": 0.0
                            },
                            "Scale": {
                                "x": 100.0,
                                "y": 100.0,
                                "z": 100.0
                            }
                        },
                        "type": "TransformComponent"
                    },
                    {
                        "data": {
                            "Material": {
                                "assetIndex": 0,
                                "assetPath": "../ResourceOutput\\hiroshi\\Meta\\hiroshi.asset.json"
                            },
                            "MaterialHandle": {
                                "assetIndex": 0,
                                "assetPath": "../ResourceOutput\\hiroshi\\Meta\\hiroshi.asset.json"
                            },
                            "Overrides": {
                                "overrides": {
                                    "baseColor": {
                                        "a": 1.0,
                                        "b": 0.5,
                                        "g": 0.5,
                                        "r": 0.5
                                    },
                                    "metallic": 0.0,
                                    "pixelShader": {
                                        "assetIndex": 0,