{
    "editor": {
        "EditorCamera": {
            "eye": {
                "x": 0.0,
                "y": 4.0,
                "z": -11.0
            },
            "look": {
                "x": -0.23275898396968842,
                "y": 3.7038588523864746,
                "z": -10.073650360107422
            },
            "up": {
                "x": -0.07216660678386688,
                "y": 0.9551442265510559,
                "z": 0.2872135043144226
            }
        }
    },
    "gameObjects": [
        {
            "components": [
                {
                    "data": {
                        "Position": {
                            "x": 0.0,
                            "y": 0.0,
                            "z": 0.0
                        },
                        "Rotation": {
                            "w": 1.0,
                            "x": 0.0,
                            "y": 0.0,
                            "z": 0.0
                        },
                        "Scale": {
                            "x": 1.0,
                            "y": 1.0,
                            "z": 1.0
                        }
                    },
                    "type": "TransformComponent"
                },
                {
                    "data": {
                        "CastShadow": true,
                        "Color": {
                            "x": 1.0,
                            "y": 1.0,
                            "z": 1.0
                        },
                        "Direction": {
                            "x": 0.0,
                            "y": -1.0,
                            "z": 0.0
                        },
                        "Intensity": 1.0,
                        "Position": {
                            "x": 0.0,
                            "y": 0.0,
                            "z": 0.0
                        }
                    },
                    "type": "DirectionalLightComponent"
                }
            ],
            "name": "DirectionalLight"
        },
        {
            "components": [
                {
                    "data": {
                        "Position": {
                            "x": 0.0,
                            "y": 4.0,
                            "z": -11.0
                        },
                        "Rotation": {
                            "w": 0.9812424778938293,
                            "x": 0.14862653613090515,
                            "y": -0.12138915807008743,
                            "z": 0.018386531621217728
                        },
                        "Scale": {
                            "x": 1.0,
                            "y": 1.0,
                            "z": 1.0
                        }
                    },
                    "type": "TransformComponent"
                },
                {
                    "data": {
                        "Eye": {
                            "x": 0.0,
                            "y": 4.0,
                            "z": -11.0
                        },
                        "FarZ": 1000.0,
                        "Look": {
                            "x": -0.23275898396968842,
                            "y": 3.7038588523864746,
                            "z": -10.073650360107422
                        },
                        "NearZ": 0.10000000149011612,
                        "Ortho": {
                            "height": 10.0,
                            "width": 10.0
                        },
                        "OrthoOffCenter": {
                            "bottom": -1.0,
                            "left": -1.0,
                            "right": 1.0,
                            "top": 1.0
                        },
                        "Perspective": {
                            "aspect": 1.7846534252166748,
                            "fov": 0.7853981852531433
                        },
                        "Up": {
                            "x": -0.07216660678386688,
                            "y": 0.9551442265510559,
                            "z": 0.2872135043144226
                        },
                        "Viewport": {
                            "height": 808.0,
                            "width": 1442.0
                        }
                    },
                    "type": "CameraComponent"
                }
            ],
            "name": "Editor Camera"
        },
        {
            "components": [
                {
                    "data": {
                        "Position": {
                            "x": 0.0,
                            "y": 0.0,
                            "z": 0.0
                        },
                        "Rotation": {
                            "w": 1.0,
                            "x": 0.0,
                            "y": 0.0,
                            "z": 0.0
                        },
                        "Scale": {
                            "x": 1.0,
                            "y": 1.0,
                            "z": 1.0
                        }
                    },
                    "type": "TransformComponent"
                },
                {
                    "data": {
                        "CastShadow": true,
                        "Material": {
                            "assetIndex": 0,
                            "assetPath": "../ResourceOutput\\Sitting Laughing\\Meta\\Sitting Laughing.asset.json"
                        },
                        "Mesh": {
                            "assetIndex": 0,
                            "assetPath": "../ResourceOutput\\Sitting Laughing\\Meta\\Sitting Laughing.asset.json"
                        },
                        "ReceiveShadow": true,
                        "RenderLayer": 1,
                        "Skeleton": {
                            "assetIndex": 0,
                            "assetPath": "../ResourceOutput\\Sitting Laughing\\Meta\\Sitting Laughing.asset.json"
                        },
                        "Visible": true
                    },
                    "type": "SkeletalMeshRenderer"
                },
                {
                    "data": {
                        "BlendConfig": {
                            "blendTime": 0.20000000298023224,
                            "blendType": 0,
                            "curveName": "Linear",
                            "fromClip": {
                                "assetIndex": 0,
                                "assetPath": ""
                            },
                            "toClip": {
                                "assetIndex": 0,
                                "assetPath": ""
                            }
                        },
                        "ClipHandle": {
                            "assetIndex": 0,
                            "assetPath": "../ResourceOutput\\Sitting Laughing\\Meta\\Sitting Laughing.asset.json"
                        }
                    },
                    "type": "AnimationComponent"
                },
                {
                    "data": {
                        "Material": {
                            "assetIndex": 0,
                            "assetPath": "../ResourceOutput\\Sitting Laughing\\Meta\\Sitting Laughing.asset.json"
                        },
                        "MaterialHandle": {
                            "assetIndex": 0,
                            "assetPath": "../ResourceOutput\\Sitting Laughing\\Meta\\Sitting Laughing.asset.json"
                        },
                        "Overrides": {
                            "overrides": {
                                "baseColor": {
                                    "a": 1.0,
                                    "b": 0.800000011920929,
                                    "g": 0.800000011920929,