{
    "editor": {
        "EditorCamera": {
            "eye": {
                "x": -2.3892993927001953,
                "y": 11.531776428222656,
                "z": -11.572653770446777
            },
            "look": {
                "x": -2.408912420272827,
                "y": 10.926775932312012,
                "z": -10.776670455932617
            },
            "up": {
                "x": -0.01490277424454689,
                "y": 0.7962250709533691,
                "z": 0.6048170328140259
            }
        }
    },
    "gameObjects": {
        "opaque": [
            {
                "components": [
                    {
                        "data": {
                            "Position": {
                                "x": -2.3892993927001953,
                                "y": 11.531776428222656,
                                "z": -11.572653770446777
                            },
                            "Rotation": {
                                "w": 0.9476161003112793,
                                "x": 0.31917399168014526,
                                "y": -0.011672871187329292,
                                "z": 0.003931666258722544
                            },
                            "Scale": {
                                "x": 1.0,
                                "y": 1.0,
                                "z": 1.0
                            }
                        },
                        "type": "TransformComponent"
                    },
                    {
                        "data": {
                            "Eye": {
                                "x": -2.3892993927001953,
                                "y": 11.531776428222656,
                                "z": -11.572653770446777
                            },
                            "FarZ": 1000.0,
                            "Look": {
                                "x": -2.408912420272827,
                                "y": 10.926775932312012,
                                "z": -10.776670455932617
                            },
                            "NearZ": 0.10000000149011612,
                            "Ortho": {
                                "height": 10.0,
                                "width": 10.0
                            },
                            "OrthoOffCenter": {
                                "bottom": -1.0,
                                "left": -1.0,
                                "right": 1.0,
                                "top": 1.0
                            },
                            "Perspective": {
                                "aspect": 1.7846534252166748,
                                "fov": 0.7853981852531433
                            },
                            "Up": {
                                "x": -0.01490277424454689,
                                "y": 0.7962250709533691,
                                "z": 0.6048170328140259
                            },
                            "Viewport": {
                                "height": 808.0,
                                "width": 1442.0
                            }
                        },
                        "type": "CameraComponent"
                    }
                ],
                "name": "Editor Camera"
            },
            {
                "components": [
                    {
                        "data": {
                            "Position": {
                                "x": 0.0,
                                "y": 4.0,
                                "z": -11.0
                            },
                            "Rotation": {
                                "w": 0.9914448857307434,
                                "x": 0.13052619993686676,
                                "y": 0.0,
                                "z": 0.0
                            },
                            "Scale": {
                                "x": 1.0,
                                "y": 1.0,
                                "z": 1.0
                            }
                        },
                        "type": "TransformComponent"
                    },
                    {
                        "data": {
                            "Eye": {
                                "x": 0.0,
                                "y": 4.0,
                                "z": -11.0
                            },
                            "FarZ": 100.0,
                            "Look": {
                                "x": 0.0,
                                "y": 3.741180896759033,
                                "z": -10.034073829650879
                            },
                            "NearZ": 1.0,
                            "Ortho": {
                                "height": 10.0,
                                "width": 10.0
                            },
                            "OrthoOffCenter": {
                                "bottom": -1.0,
                                "left": -1.0,
                                "right": 1.0,
                                "top": 1.0
                            },
                            "Perspective": {
                                "aspect": 1.7846534252166748,
                                "fov": 0.7853981852531433
                            },
                            "Up": {
                                "x": 0.0,
                                "y": 0.9659257531166077,
                                "z": 0.2588190734386444
                            },
                            "Viewport": {
                                "height": 808.0,
                                "width": 1442.0
                            }
                        },
                        "type": "CameraComponent"
                    }
                ],
                "name": "Main Camera"
            },
            {
                "components": [
                    {
                        "data": {
                            "Position": {
                                "x": 2.2317612171173096,
                                "y": 0.5312020778656006,
                                "z": 2.3855478763580322
                            },
                            "Rotation": {
                                "w": 0.8158096671104431,
                                "x": 0.0,
                                "y": -0.5783204436302185,
                                "z": -0.0
                            },
                            "Scale": {
                                "x": 50.0,
                                "y": 50.0,
                                "z": 50.0
                            }
                        },
                        "type": "TransformComponent"
                    },
                    {
                        "data": {
                            "Material": {
                                "assetIndex": 0,
                                "assetPath": "../ResourceOutput\\hiroshi\\Meta\\hiroshi.asset.json"
                            },
                            "MaterialHandle": {
                                "assetIndex": 0,
                                "assetPath": "../ResourceOutput\\hiroshi\\Meta\\hiroshi.asset.json"
                            },
                            "Overrides": {
                                "overrides": {
                                    "baseColor": {
                                        "a": 1.0,
                                        "b": 0.5,
                                        "g": 0.5,
                                        "r": 0.5
                                    },
                                    "metallic": 0.0,
                                    "pixelShader": {
                                        "assetIndex": 0,