{
    "editor": {
        "EditorCamera": {
            "eye": {
                "x": -6.7007293701171875,
                "y": 6.9071784019470215,
                "z": -9.278553009033203
            },
            "look": {
                "x": -6.093434810638428,
                "y": 6.476853847503662,
                "z": -8.610710144042969
            },
            "up": {
                "x": 0.28951072692871094,
                "y": 0.9026741981506348,
                "z": 0.31837525963783264
            }
        }
    },
    "gameObjects": {
        "opaque": [
            {
                "components": [
                    {
                        "data": {
                            "Position": {
                                "x": 11.318883895874023,
                                "y": 12.098795890808105,
                                "z": 0.0
                            },
                            "Rotation": {
                                "w": 1.0,
                                "x": -0.0,
                                "y": 0.0,
                                "z": -0.0
                            },
                            "Scale": {
                                "x": 1.0,
                                "y": 1.0,
                                "z": 1.0
                            }
                        },
                        "type": "TransformComponent"
                    },
                    {
                        "data": {
                            "Eye": {
                                "x": -6.7007293701171875,
                                "y": 6.9071784019470215,
                                "z": -9.278553009033203
                            },
                            "Look": {
                                "x": -6.093434810638428,
                                "y": 6.476853847503662,
                                "z": -8.610710144042969
                            },
                            "Ortho": {
                                "height": 10.0,
                                "width": 10.0
                            },
                            "OrthoOffCenter": {
                                "bottom": -1.0,
                                "left": -1.0,
                                "right": 1.0,
                                "top": 1.0
                            },
                            "Perspective": {
                                "aspect": 1.7846534252166748,
                                "fov": 0.7853981852531433
                            },
                            "Up": {
                                "x": 0.28951072692871094,
                                "y": 0.9026741981506348,
                                "z": 0.31837525963783264
                            },
                            "Viewport": {
                                "height": 808.0,
                                "width": 1442.0
                            }
                        },
                        "type": "CameraComponent"
                    }
                ],
                "name": "Editor Camera"
            },
            {
                "components": [
                    {
                        "data": {
                            "Position": {
                                "x": 0.7042780518531799,
                                "y": -1.7818660736083984,
                                "z": 2.9112257957458496
                            },
                            "Rotation": {
                                "w": 1.0,
                                "x": -0.0,
                                "y": 0.0,
                                "z": -0.0
                            },
                            "Scale": {
                                "x": 1.0,
                                "y": 1.0,
                                "z": 1.0
                            }
                        },
                        "type": "TransformComponent"
                    }
                ],
                "name": "GameObject"
            },
            {
                "components": [
                    {
                        "data": {
                            "Position": {
                                "x": -0.9709646105766296,
                                "y": 1.7646827697753906,
                                "z": -4.016645431518555
                            },
                            "Rotation": {
                                "w": 0.7130013108253479,
                                "x": -0.0,
                                "y": -0.7011626958847046,
                                "z": -0.0
                            },
                            "Scale": {
                                "x": 47.79651641845703,
                                "y": 47.79659652709961,
                                "z": 47.79651641845703
                            }
                        },
                        "type": "TransformComponent"
                    },
                    {
                        "data": {
                            "Material": {
                                "assetIndex": 1,
                                "assetPath": "../ResourceOutput\\all\\Meta\\all.asset.json"
                            },
                            "MaterialHandle": {
                                "assetIndex": 1,
                                "assetPath": "../ResourceOutput\\all\\Meta\\all.asset.json"
                            },
                            "Overrides": {
                                "overrides": {
                                    "baseColor": {
                                        "a": 1.0,
                                        "b": 0.5,
                                        "g": 0.5,
                                        "r": 0.5
                                    },
                                    "metallic": 0.0,
                                    "roughness": 1.0,
                                    "textures": [
                                        {
                                            "assetIndex": 0,
                                            "assetPath": "../ResourceOutput\\all\\Meta\\all.asset.json"
                                        },
                                        {
                                            "assetIndex": 1,
                                            "assetPath": "../ResourceOutput\\all\\Meta\\all.asset.json"
                                        },
                                        {
                                            "assetIndex": 2,
                                            "assetPath": "../ResourceOutput\\all\\Meta\\all.asset.json"
                                        },
                                        {
                                            "assetIndex": 3,
                                            "assetPath": "../ResourceOutput\\all\\Meta\\all.asset.json"
                                        },
                                        {
                                            "assetIndex": 4,
                                            "assetPath": "../ResourceOutput\\all\\Meta\\all.asset.json"
                                        },
                                        {
                                            "assetIndex": 0,
                                            "assetPath": ""
                                        }
                                    ]
                                }
                            }
                        },
                        "type": "MaterialComponent"
                    },
                    {
                        "data": {
                            "Mesh": {
                                "assetIndex": 0,