{
    "editor": {
        "EditorCamera": {
            "eye": {
                "x": -1.2915256023406982,
                "y": 2.592747449874878,
                "z": -5.930792808532715
            },
            "look": {
                "x": -1.1731994152069092,
                "y": 2.166572332382202,
                "z": -5.033924102783203
            },
            "up": {
                "x": 0.05574335530400276,
                "y": 0.9046407341957092,
                "z": 0.422513872385025
            }
        }
    },
    "gameObjects": {
        "opaque": [
            {
                "components": [
                    {
                        "data": {
                            "Position": {
                                "x": 0.0,
                                "y": 0.0,
                                "z": 0.0
                            },
                            "Rotation": {
                                "w": 1.0,
                                "x": 0.0,
                                "y": 0.0,
                                "z": 0.0
                            },
                            "Scale": {
                                "x": 1.0,
                                "y": 1.0,
                                "z": 1.0
                            }
                        },
                        "type": "TransformComponent"
                    },
                    {
                        "data": {
                            "Eye": {
                                "x": -1.2915256023406982,
                                "y": 2.592747449874878,
                                "z": -5.930792808532715
                            },
                            "Look": {
                                "x": -1.1731994152069092,
                                "y": 2.166572332382202,
                                "z": -5.033924102783203
                            },
                            "Ortho": {
                                "height": 10.0,
                                "width": 10.0
                            },
                            "OrthoOffCenter": {
                                "bottom": -1.0,
                                "left": -1.0,
                                "right": 1.0,
                                "top": 1.0
                            },
                            "Perspective": {
                                "aspect": 1.7846534252166748,
                                "fov": 0.7853981852531433
                            },
                            "Up": {
                                "x": 0.05574335530400276,
                                "y": 0.9046407341957092,
                                "z": 0.422513872385025
                            },
                            "Viewport": {
                                "height": 808.0,
                                "width": 1442.0
                            }
                        },
                        "type": "CameraComponent"
                    }
                ],
                "name": "Editor Camera"
            },
            {
                "components": [
                    {
                        "data": {
                            "Position": {
                                "x": 0.0,
                                "y": 0.0,
                                "z": 0.0
                            },
                            "Rotation": {
                                "w": 1.0,
                                "x": 0.0,
                                "y": 0.0,
                                "z": 0.0
                            },
                            "Scale": {
                                "x": 50.0,
                                "y": 50.0,
                                "z": 50.0
                            }
                        },
                        "type": "TransformComponent"
                    },
                    {
                        "data": {
                            "Mesh": {
                                "assetIndex": 0,
                                "assetPath": "../ResourceOutput\\building\\Meta\\building.asset.json"
                            },
                            "MeshHandle": {
                                "assetIndex": 0,
                                "assetPath": "../ResourceOutput\\building\\Meta\\building.asset.json"
                            }
                        },
                        "type": "MeshComponent"
                    },
                    {
                        "data": {
                            "CastShadow": true,
                            "Material": {
                                "assetIndex": 0,
                                "assetPath": ""
                            },
                            "Mesh": {
                                "assetIndex": 0,
                                "assetPath": ""
                            },
                            "ReceiveShadow": true,
                            "RenderLayer": 0,
                            "Visible": true
                        },
                        "type": "MeshRenderer"
                    },
                    {
                        "data": {
                            "Material": {
                                "assetIndex": 0,
                                "assetPath": "../ResourceOutput\\building\\Meta\\building.asset.json"
                            },
                            "MaterialHandle": {
                                "assetIndex": 0,
                                "assetPath": "../ResourceOutput\\building\\Meta\\building.asset.json"
                            },
                            "Overrides": {
                                "overrides": {
                                    "baseColor": {
                                        "a": 1.0,
                                        "b": 0.4303818345069885,
                                        "g": 0.4303818345069885,
                                        "r": 0.4303818345069885
                                    },
                                    "metallic": 0.0,
                                    "roughness": 0.6092624068260193,
                                    "textures": [
                                        {
                                            "assetIndex": 0,
                                            "assetPath": "../ResourceOutput\\building\\Meta\\building.asset.json"
                                        },
                                        {
                                            "assetIndex": 1,
                                            "assetPath": "../ResourceOutput\\building\\Meta\\building.asset.json"
                                        },
                                        {
                                            "assetIndex": 2,
                                            "assetPath": "../ResourceOutput\\building\\Meta\\building.asset.json"
                                        },
                                        {
                                            "assetIndex": 3,
                                            "assetPath": "../ResourceOutput\\building\\Meta\\building.asset.json"
                                        },
                                        {
                                            "assetIndex": 0,
                                            "assetPath": ""
                                        },
                                        {
                                            "assetIndex": 0,
                                            "assetPath": ""
                                        }
                                    ]
                                }
                            }
                        },