{
    "editor": {
        "EditorCamera": {
            "eye": {
                "x": -4.184118747711182,
                "y": 3.1019041538238525,
                "z": -6.012021064758301
            },
            "look": {
                "x": -3.656017303466797,
                "y": 2.9501681327819824,
                "z": -5.176506042480469
            },
            "up": {
                "x": 0.08107075095176697,
                "y": 0.9884212017059326,
                "z": 0.12826286256313324
            }
        }
    },
    "gameObjects": {
        "opaque": [
            {
                "components": [
                    {
                        "data": {
                            "Position": {
                                "x": -4.184118747711182,
                                "y": 3.1019041538238525,
                                "z": -6.012021064758301
                            },
                            "Rotation": {
                                "w": 0.9577628970146179,
                                "x": 0.0730866864323616,
                                "y": 0.2773101329803467,
                                "z": -0.021161487326025963
                            },
                            "Scale": {
                                "x": 1.0,
                                "y": 1.0,
                                "z": 1.0
                            }
                        },
                        "type": "TransformComponent"
                    },
                    {
                        "data": {
                            "Eye": {
                                "x": -4.184118747711182,
                                "y": 3.1019041538238525,
                                "z": -6.012021064758301
                            },
                            "Look": {
                                "x": -3.656017303466797,
                                "y": 2.9501681327819824,
                                "z": -5.176506042480469
                            },
                            "Ortho": {
                                "height": 10.0,
                                "width": 10.0
                            },
                            "OrthoOffCenter": {
                                "bottom": -1.0,
                                "left": -1.0,
                                "right": 1.0,
                                "top": 1.0
                            },
                            "Perspective": {
                                "aspect": 1.7846534252166748,
                                "fov": 0.7853981852531433
                            },
                            "Up": {
                                "x": 0.08107075095176697,
                                "y": 0.9884212017059326,
                                "z": 0.12826286256313324
                            },
                            "Viewport": {
                                "height": 808.0,
                                "width": 1442.0
                            }
                        },
                        "type": "CameraComponent"
                    }
                ],
                "name": "Editor Camera"
            },
            {
                "components": [
                    {
                        "data": {
                            "Position": {
                                "x": 0.0,
                                "y": 0.0,
                                "z": 0.0
                            },
                            "Rotation": {
                                "w": 1.0,
                                "x": -0.0,
                                "y": 0.0,
                                "z": -0.0
                            },
                            "Scale": {
                                "x": 61.631996154785156,
                                "y": 61.631996154785156,
                                "z": 61.631996154785156
                            }
                        },
                        "type": "TransformComponent"
                    },
                    {
                        "data": {
                            "Material": {
                                "assetIndex": 0,
                                "assetPath": "../ResourceOutput\\cycle\\Meta\\cycle.asset.json"
                            },
                            "MaterialHandle": {
                                "assetIndex": 0,
                                "assetPath": "../ResourceOutput\\cycle\\Meta\\cycle.asset.json"
                            },
                            "Overrides": {
                                "overrides": {
                                    "baseColor": {
                                        "a": 1.0,
                                        "b": 0.5,
                                        "g": 0.5,
                                        "r": 0.5
                                    },
                                    "metallic": 0.0,
                                    "pixelShader": {
                                        "assetIndex": 0,
                                        "assetPath": ""
                                    },
                                    "roughness": 1.0,
                                    "shaderAsset": {
                                        "assetIndex": 0,
                                        "assetPath": ""
                                    },
                                    "textures": [
                                        {
                                            "assetIndex": 0,
                                            "assetPath": "../ResourceOutput\\cycle\\Meta\\cycle.asset.json"
                                        },
                                        {
                                            "assetIndex": 1,
                                            "assetPath": "../ResourceOutput\\cycle\\Meta\\cycle.asset.json"
                                        },
                                        {
                                            "assetIndex": 2,
                                            "assetPath": "../ResourceOutput\\cycle\\Meta\\cycle.asset.json"
                                        },
                                        {
                                            "assetIndex": 3,
                                            "assetPath": "../ResourceOutput\\cycle\\Meta\\cycle.asset.json"
                                        },
                                        {
                                            "assetIndex": 4,
                                            "assetPath": "../ResourceOutput\\cycle\\Meta\\cycle.asset.json"
                                        },
                                        {
                                            "assetIndex": 0,
                                            "assetPath": ""
                                        }
                                    ],
                                    "vertexShader": {
                                        "assetIndex": 0,
                                        "assetPath": ""
                                    }
                                }
                            }
                        },
                        "type": "MaterialComponent"
                    },
                    {
                        "data": {
                            "CastShadow": true,
                            "Material": {
                                "assetIndex": 0,
                                "assetPath": "../ResourceOutput\\cycle\\Meta\\cycle.asset.json"
                            },
                            "Mesh": {
                                "assetIndex": 0,