{
    "editor": {
        "EditorCamera": {
            "eye": {
                "x": 2.0740437507629395,
                "y": 1.5347703695297241,
                "z": -14.011422157287598
            },
            "look": {
                "x": 2.1999759674072266,
                "y": 1.4570645093917847,
                "z": -13.022431373596191
            },
            "up": {
                "x": 0.009815650060772896,
                "y": 0.9969762563705444,
                "z": 0.07708343863487244
            }
        }
    },
    "gameObjects": [
        {
            "components": [
                {
                    "data": {
                        "Position": {
                            "x": 0.0,
                            "y": 0.0,
                            "z": 0.0
                        },
                        "Rotation": {
                            "w": 1.0,
                            "x": 0.0,
                            "y": 0.0,
                            "z": 0.0
                        },
                        "Scale": {
                            "x": 1.0,
                            "y": 1.0,
                            "z": 1.0
                        }
                    },
                    "type": "TransformComponent"
                },
                {
                    "data": {
                        "CastShadow": true,
                        "Color": {
                            "x": 1.0,
                            "y": 1.0,
                            "z": 1.0
                        },
                        "Direction": {
                            "x": 0.0,
                            "y": -1.0,
                            "z": 0.0
                        },
                        "Intensity": 1.0,
                        "Position": {
                            "x": 0.0,
                            "y": 0.0,
                            "z": 0.0
                        }
                    },
                    "type": "DirectionalLightComponent"
                }
            ],
            "name": "DirectionalLight"
        },
        {
            "components": [
                {
                    "data": {
                        "Position": {
                            "x": 2.0740437507629395,
                            "y": 1.5347703695297241,
                            "z": -14.011422157287598
                        },
                        "Rotation": {
                            "w": 0.9972409009933472,
                            "x": 0.038804393261671066,
                            "y": 0.06323609501123428,
                            "z": -0.0024607758969068527
                        },
                        "Scale": {
                            "x": 1.0,
                            "y": 1.0,
                            "z": 1.0
                        }
                    },
                    "type": "TransformComponent"
                },
                {
                    "data": {
                        "Eye": {
                            "x": 2.0740437507629395,
                            "y": 1.5347703695297241,
                            "z": -14.011422157287598
                        },
                        "FarZ": 1000.0,
                        "Look": {
                            "x": 2.1999759674072266,
                            "y": 1.4570645093917847,
                            "z": -13.022431373596191
                        },
                        "NearZ": 0.10000000149011612,
                        "Ortho": {
                            "height": 10.0,
                            "width": 10.0
                        },
                        "OrthoOffCenter": {
                            "bottom": -1.0,
                            "left": -1.0,
                            "right": 1.0,
                            "top": 1.0
                        },
                        "Perspective": {
                            "aspect": 1.7846534252166748,
                            "fov": 0.7853981852531433
                        },
                        "Up": {
                            "x": 0.009815650060772896,
                            "y": 0.9969762563705444,
                            "z": 0.07708343863487244
                        },
                        "Viewport": {
                            "height": 808.0,
                            "width": 1442.0
                        }
                    },
                    "type": "CameraComponent"
                }
            ],
            "name": "Editor Camera"
        },
        {
            "components": [
                {
                    "data": {
                        "Position": {
                            "x": 0.0,
                            "y": 0.0,
                            "z": 0.0
                        },
                        "Rotation": {
                            "w": 1.0,
                            "x": 0.0,
                            "y": 0.0,
                            "z": 0.0
                        },
                        "Scale": {
                            "x": 1.0,
                            "y": 1.0,
                            "z": 1.0
                        }
                    },
                    "type": "TransformComponent"
                },
                {
                    "data": {
                        "Speed": 5.0
                    },
                    "type": "PlayerMovementComponent"
                },
                {
                    "data": {
                        "Mesh": {
                            "assetIndex": 0,
                            "assetPath": "../ResourceOutput\\test\\Meta\\test.asset.json"
                        },
                        "MeshHandle": {
                            "assetIndex": 0,
                            "assetPath": "../ResourceOutput\\test\\Meta\\test.asset.json"
                        },
                        "SubMeshMaterialOverrides": []
                    },
                    "type": "MeshComponent"
                },
                {
                    "data": {
                        "CastShadow": true,
                        "Material": {
                            "assetIndex": 0,
                            "assetPath": "../ResourceOutput\\test\\Meta\\test.asset.json"
                        },
                        "Mesh": {
                            "assetIndex": 0,
                            "assetPath": "../ResourceOutput\\test\\Meta\\test.asset.json"
                        },
                        "ReceiveShadow": true,
                        "RenderLayer": 1,
                        "Visible": true
                    },
                    "type": "MeshRenderer"
                },
                {
                    "data": {
                        "Material": {
                            "assetIndex": 0,
                            "assetPath": "../ResourceOutput\\test\\Meta\\test.asset.json"
                        },
                        "MaterialHandle": {
                            "assetIndex": 0,
                            "assetPath": "../ResourceOutput\\test\\Meta\\test.asset.json"
                        },
                        "Overrides": {
                            "overrides": {
                                "baseColor": {
                                    "a": 1.0,
                                    "b": 0.6595970988273621,
                                    "g": 0.6595970988273621,
                                    "r": 0.6595970988273621
                                },
                                "lightness": 1.0,
                                "metallic": 0.0,
                                "pixelShader": {
                                    "assetIndex": 0,