{
    "editor": {
        "EditorCamera": {
            "eye": {
                "x": -14.259665489196777,
                "y": 4.59295129776001,
                "z": -6.4997429847717285
            },
            "look": {
                "x": -14.276594161987305,
                "y": 4.111401081085205,
                "z": -5.623487949371338
            },
            "up": {
                "x": -0.00930145476013422,
                "y": 0.8764185309410095,
                "z": 0.4814603328704834
            }
        }
    },
    "gameObjects": [
        {
            "components": [
                {
                    "data": {
                        "Position": {
                            "x": 0.0,
                            "y": 0.0,
                            "z": 0.0
                        },
                        "Rotation": {
                            "w": 1.0,
                            "x": 0.0,
                            "y": 0.0,
                            "z": 0.0
                        },
                        "Scale": {
                            "x": 1.0,
                            "y": 1.0,
                            "z": 1.0
                        }
                    },
                    "type": "TransformComponent"
                },
                {
                    "data": {
                        "CastShadow": true,
                        "Color": {
                            "x": 1.0,
                            "y": 1.0,
                            "z": 1.0
                        },
                        "Direction": {
                            "x": 0.0,
                            "y": -1.0,
                            "z": 0.0
                        },
                        "Intensity": 1.0,
                        "Position": {
                            "x": 0.0,
                            "y": 0.0,
                            "z": 0.0
                        }
                    },
                    "type": "DirectionalLightComponent"
                }
            ],
            "name": "DirectionalLight"
        },
        {
            "components": [
                {
                    "data": {
                        "Position": {
                            "x": -14.259665489196777,
                            "y": 4.59295129776001,
                            "z": -6.4997429847717285
                        },
                        "Rotation": {
                            "w": 0.9685668349266052,
                            "x": 0.24856583774089813,
                            "y": -0.009355159476399422,
                            "z": 0.0024008196778595448
                        },
                        "Scale": {
                            "x": 1.0,
                            "y": 1.0,
                            "z": 1.0
                        }
                    },
                    "type": "TransformComponent"
                },
                {
                    "data": {
                        "Eye": {
                            "x": -14.259665489196777,
                            "y": 4.59295129776001,
                            "z": -6.4997429847717285
                        },
                        "FarZ": 1000.0,
                        "Look": {
                            "x": -14.276594161987305,
                            "y": 4.111401081085205,
                            "z": -5.623487949371338
                        },
                        "NearZ": 0.10000000149011612,
                        "Ortho": {
                            "height": 10.0,
                            "width": 10.0
                        },
                        "OrthoOffCenter": {
                            "bottom": -1.0,
                            "left": -1.0,
                            "right": 1.0,
                            "top": 1.0
                        },
                        "Perspective": {
                            "aspect": 1.818411111831665,
                            "fov": 0.7853981852531433
                        },
                        "Up": {
                            "x": -0.00930145476013422,
                            "y": 0.8764185309410095,
                            "z": 0.4814603328704834
                        },
                        "Viewport": {
                            "height": 793.0,
                            "width": 1442.0
                        }
                    },
                    "type": "CameraComponent"
                }
            ],
            "name": "Editor Camera"
        },
        {
            "components": [
                {
                    "data": {
                        "Position": {
                            "x": -16.48271942138672,
                            "y": 0.0,
                            "z": 2.905390501022339
                        },
                        "Rotation": {
                            "w": 1.0,
                            "x": -0.0,
                            "y": 0.0,
                            "z": -0.0
                        },
                        "Scale": {
                            "x": 1.0,
                            "y": 1.0,
                            "z": 1.0
                        }
                    },
                    "type": "TransformComponent"
                },
                {
                    "data": {
                        "CastShadow": true,
                        "Material": {
                            "assetIndex": 0,
                            "assetPath": "../ResourceOutput\\corridorWall\\Meta\\corridorWall.asset.json"
                        },
                        "Mesh": {
                            "assetIndex": 0,
                            "assetPath": "../ResourceOutput\\corridorWall\\Meta\\corridorWall.asset.json"
                        },
                        "ReceiveShadow": true,
                        "RenderLayer": 3,
                        "Visible": true
                    },
                    "type": "MeshRenderer"
                },
                {
                    "data": {
                        "Mesh": {
                            "assetIndex": 0,
                            "assetPath": "../ResourceOutput\\corridorWall\\Meta\\corridorWall.asset.json"
                        },
                        "MeshHandle": {
                            "assetIndex": 0,
                            "assetPath": "../ResourceOutput\\corridorWall\\Meta\\corridorWall.asset.json"
                        },
                        "SubMeshMaterialOverrides": []
                    },
                    "type": "MeshComponent"
                },
                {
                    "data": {
                        "Material": {
                            "assetIndex": 0,
                            "assetPath": "../ResourceOutput\\corridorWall\\Meta\\corridorWall.asset.json"
                        },
                        "MaterialHandle": {
                            "assetIndex": 0,
                            "assetPath": "../ResourceOutput\\corridorWall\\Meta\\corridorWall.asset.json"
                        },
                        "Overrides": {
                            "overrides": {
                                "baseColor": {
                                    "a": 1.0,
                                    "b": 0.800000011920929,
                                    "g": 0.800000011920929,
                                    "r": 0.800000011920929
                                },
                                "lightness": 1.0,
                                "metallic": 0.0,
                                "pixelShader": {
                                    "assetIndex": 0,
                                    "assetPath": ""
                                },
                                "roughness": 0.5,