{
    "editor": {
        "EditorCamera": {
            "eye": {
                "x": -6.573547840118408,
                "y": 5.244002342224121,
                "z": -4.451082706451416
            },
            "look": {
                "x": -5.7169108390808105,
                "y": 4.841146469116211,
                "z": -4.12877893447876
            },
            "up": {
                "x": 0.37705153226852417,
                "y": 0.9152634143829346,
                "z": 0.14186294376850128
            }
        }
    },
    "gameObjects": [
        {
            "components": [
                {
                    "data": {
                        "Position": {
                            "x": 0.0,
                            "y": 0.0,
                            "z": 0.0
                        },
                        "Rotation": {
                            "w": 1.0,
                            "x": 0.0,
                            "y": 0.0,
                            "z": 0.0
                        },
                        "Scale": {
                            "x": 1.0,
                            "y": 1.0,
                            "z": 1.0
                        }
                    },
                    "type": "TransformComponent"
                },
                {
                    "data": {
                        "CastShadow": true,
                        "Color": {
                            "x": 1.0,
                            "y": 1.0,
                            "z": 1.0
                        },
                        "Direction": {
                            "x": 0.0,
                            "y": -1.0,
                            "z": 0.0
                        },
                        "Intensity": 1.0,
                        "Position": {
                            "x": 0.0,
                            "y": 0.0,
                            "z": 0.0
                        }
                    },
                    "type": "DirectionalLightComponent"
                }
            ],
            "name": "DirectionalLight"
        },
        {
            "components": [
                {
                    "data": {
                        "Position": {
                            "x": -6.573547840118408,
                            "y": 5.244002342224121,
                            "z": -4.451082706451416
                        },
                        "Rotation": {
                            "w": 0.8046289086341858,
                            "x": 0.1692453920841217,
                            "y": 0.5569596290588379,
                            "z": -0.11715078353881836
                        },
                        "Scale": {
                            "x": 1.0,
                            "y": 1.0,
                            "z": 1.0
                        }
                    },
                    "type": "TransformComponent"
                },
                {
                    "data": {
                        "Eye": {
                            "x": -6.573547840118408,
                            "y": 5.244002342224121,
                            "z": -4.451082706451416
                        },
                        "FarZ": 1000.0,
                        "Look": {
                            "x": -5.7169108390808105,
                            "y": 4.841146469116211,
                            "z": -4.12877893447876
                        },
                        "NearZ": 0.10000000149011612,
                        "Ortho": {
                            "height": 10.0,
                            "width": 10.0
                        },
                        "OrthoOffCenter": {
                            "bottom": -1.0,
                            "left": -1.0,
                            "right": 1.0,
                            "top": 1.0
                        },
                        "Perspective": {
                            "aspect": 1.7846534252166748,
                            "fov": 0.7853981852531433
                        },
                        "Up": {
                            "x": 0.37705153226852417,
                            "y": 0.9152634143829346,
                            "z": 0.14186294376850128
                        },
                        "Viewport": {
                            "height": 808.0,
                            "width": 1442.0
                        }
                    },
                    "type": "CameraComponent"
                }
            ],
            "name": "Editor Camera"
        },
        {
            "components": [
                {
                    "data": {
                        "Position": {
                            "x": 5.960464477539063e-08,
                            "y": -2.337315082550049,
                            "z": 3.5178422927856445
                        },
                        "Rotation": {
                            "w": 1.0,
                            "x": 7.450581485102248e-09,
                            "y": 0.0,
                            "z": -9.31322685637781e-10
                        },
                        "Scale": {
                            "x": 50.0,
                            "y": 50.0,
                            "z": 50.0
                        }
                    },
                    "type": "TransformComponent"
                },
                {
                    "data": {
                        "Mesh": {
                            "assetIndex": 0,
                            "assetPath": "../ResourceOutput\\shinchan\\Meta\\shinchan.asset.json"
                        },
                        "MeshHandle": {
                            "assetIndex": 0,
                            "assetPath": "../ResourceOutput\\shinchan\\Meta\\shinchan.asset.json"
                        },
                        "SubMeshMaterialOverrides": []
                    },
                    "type": "MeshComponent"
                },
                {
                    "data": {
                        "CastShadow": true,
                        "Material": {
                            "assetIndex": 0,
                            "assetPath": "../ResourceOutput\\shinchan\\Meta\\shinchan.asset.json"
                        },
                        "Mesh": {
                            "assetIndex": 0,
                            "assetPath": "../ResourceOutput\\shinchan\\Meta\\shinchan.asset.json"
                        },
                        "ReceiveShadow": true,
                        "RenderLayer": 1,
                        "Visible": true
                    },
                    "type": "MeshRenderer"
                },
                {
                    "data": {
                        "Material": {
                            "assetIndex": 0,
                            "assetPath": "../ResourceOutput\\shinchan\\Meta\\shinchan.asset.json"
                        },
                        "MaterialHandle": {
                            "assetIndex": 0,
                            "assetPath": "../ResourceOutput\\shinchan\\Meta\\shinchan.asset.json"
                        },
                        "Overrides": {
                            "overrides": {
                                "baseColor": {
                                    "a": 1.0,
                                    "b": 0.5,
                                    "g": 0.5,
                                    "r": 0.5
                                },
                                "metallic": 0.0,
                                "pixelShader": {
                                    "assetIndex": 0,
                                    "assetPath": "../MRenderer/fx/Demo_PBR_PS.hlsl"
                                },
                                "roughness": 1.0,