{
    "editor": {
        "EditorCamera": {
            "eye": {
                "x": -20.230106353759766,
                "y": 5.579235076904297,
                "z": 3.1737442016601563
            },
            "look": {
                "x": -19.298297882080078,
                "y": 5.21920108795166,
                "z": 3.219663381576538
            },
            "up": {
                "x": 0.3595976233482361,
                "y": 0.9329391717910767,
                "z": 0.017720893025398254
            }
        }
    },
    "gameObjects": [
        {
            "components": [
                {
                    "data": {
                        "Position": {
                            "x": 0.0,
                            "y": 0.0,
                            "z": 0.0
                        },
                        "Rotation": {
                            "w": 1.0,
                            "x": 0.0,
                            "y": 0.0,
                            "z": 0.0
                        },
                        "Scale": {
                            "x": 1.0,
                            "y": 1.0,
                            "z": 1.0
                        }
                    },
                    "type": "TransformComponent"
                },
                {
                    "data": {
                        "CastShadow": true,
                        "Color": {
                            "x": 1.0,
                            "y": 1.0,
                            "z": 1.0
                        },
                        "Direction": {
                            "x": 2.4000000953674316,
                            "y": -1.0,
                            "z": 1.5299999713897705
                        },
                        "Intensity": 1.0,
                        "Position": {
                            "x": 0.0,
                            "y": 0.0,
                            "z": 0.0
                        }
                    },
                    "type": "DirectionalLightComponent"
                }
            ],
            "name": "DirectionalLight"
        },
        {
            "components": [
                {
                    "data": {
                        "Position": {
                            "x": -20.230106353759766,
                            "y": 5.579235076904297,
                            "z": 3.1737442016601563
                        },
                        "Rotation": {
                            "w": 0.7120530605316162,
                            "x": 0.13262876868247986,
                            "y": 0.6778274178504944,
                            "z": -0.12625378370285034
                        },
                        "Scale": {
                            "x": 1.0,
                            "y": 1.0,
                            "z": 1.0
                        }
                    },
                    "type": "TransformComponent"
                },
                {
                    "data": {
                        "Eye": {
                            "x": -20.230106353759766,
                            "y": 5.579235076904297,
                            "z": 3.1737442016601563
                        },
                        "FarZ": 1000.0,
                        "Look": {
                            "x": -19.298297882080078,
                            "y": 5.21920108795166,
                            "z": 3.219663381576538
                        },
                        "NearZ": 0.10000000149011612,
                        "Ortho": {
                            "height": 10.0,
                            "width": 10.0
                        },
                        "OrthoOffCenter": {
                            "bottom": -1.0,
                            "left": -1.0,
                            "right": 1.0,
                            "top": 1.0
                        },
                        "Perspective": {
                            "aspect": 1.7846534252166748,
                            "fov": 0.7853981852531433
                        },
                        "ProjectionMode": 0,
                        "Up": {
                            "x": 0.3595976233482361,
                            "y": 0.9329391717910767,
                            "z": 0.017720893025398254
                        },
                        "Viewport": {
                            "height": 808.0,
                            "width": 1442.0
                        }
                    },
                    "type": "CameraComponent"
                }
            ],
            "name": "Editor Camera"
        },
        {
            "components": [
                {
                    "data": {
                        "Position": {
                            "x": -16.48271942138672,
                            "y": 2.571542263031006,
                            "z": 2.905390501022339
                        },
                        "Rotation": {
                            "w": 1.0,
                            "x": -0.0,
                            "y": 0.0,
                            "z": -0.0
                        },
                        "Scale": {
                            "x": 1.0,
                            "y": 1.0,
                            "z": 1.0
                        }
                    },
                    "type": "TransformComponent"
                },
                {
                    "data": {
                        "CastShadow": true,
                        "Material": {
                            "assetIndex": 0,
                            "assetPath": "../ResourceOutput\\frontWall\\Meta\\frontWall.asset.json"
                        },
                        "Mesh": {
                            "assetIndex": 0,
                            "assetPath": "../ResourceOutput\\frontWall\\Meta\\frontWall.asset.json"
                        },
                        "ReceiveShadow": true,
                        "RenderLayer": 3,
                        "Visible": true
                    },
                    "type": "MeshRenderer"
                },
                {
                    "data": {
                        "Mesh": {
                            "assetIndex": 0,
                            "assetPath": "../ResourceOutput\\frontWall\\Meta\\frontWall.asset.json"
                        },
                        "MeshHandle": {
                            "assetIndex": 0,
                            "assetPath": "../ResourceOutput\\frontWall\\Meta\\frontWall.asset.json"
                        },
                        "SubMeshMaterialOverrides": []
                    },
                    "type": "MeshComponent"
                },
                {
                    "data": {
                        "Material": {
                            "assetIndex": 0,
                            "assetPath": "../ResourceOutput\\frontWall\\Meta\\frontWall.asset.json"
                        },
                        "MaterialHandle": {
                            "assetIndex": 0,
                            "assetPath": "../ResourceOutput\\frontWall\\Meta\\frontWall.asset.json"
                        },
                        "Overrides": {
                            "overrides": {
                                "baseColor": {
                                    "a": 1.0,
                                    "b": 0.800000011920929,
                                    "g": 0.800000011920929,
                                    "r": 0.800000011920929
                                },
                                "lightness": 1.0,
                                "metallic": 0.0,
                                "pixelShader": {
                                    "assetIndex": 0,
                                    "assetPath": ""
                                },